
Systick.elf:     file format elf32-littleriscv
Systick.elf
architecture: riscv:rv32, flags 0x00000112:
EXEC_P, HAS_SYMS, D_PAGED
start address 0x00000000

Program Header:
    LOAD off    0x00001000 vaddr 0x00000000 paddr 0x00000000 align 2**12
         filesz 0x00001bb0 memsz 0x00001bb0 flags r-x
    LOAD off    0x00003000 vaddr 0x20000000 paddr 0x00001bb0 align 2**12
         filesz 0x00000098 memsz 0x000000ac flags rw-
    LOAD off    0x00003800 vaddr 0x20004800 paddr 0x20004800 align 2**12
         filesz 0x00000000 memsz 0x00000800 flags rw-

Sections:
Idx Name          Size      VMA       LMA       File off  Algn
  0 .init         00000038  00000000  00000000  00001000  2**1
                  CONTENTS, ALLOC, LOAD, READONLY, CODE
  1 .vector       00000108  00000038  00000038  00001038  2**1
                  CONTENTS, ALLOC, LOAD, READONLY, CODE
  2 .text         00001a70  00000140  00000140  00001140  2**2
                  CONTENTS, ALLOC, LOAD, READONLY, CODE
  3 .fini         00000000  00001bb0  00001bb0  00003098  2**0
                  CONTENTS, ALLOC, LOAD, CODE
  4 .dalign       00000000  20000000  20000000  00003098  2**0
                  CONTENTS
  5 .dlalign      00000000  00001bb0  00001bb0  00003098  2**0
                  CONTENTS
  6 .data         00000098  20000000  00001bb0  00003000  2**2
                  CONTENTS, ALLOC, LOAD, DATA
  7 .bss          00000014  20000098  00001c48  00003098  2**2
                  ALLOC
  8 .stack        00000800  20004800  20004800  00003800  2**0
                  ALLOC
  9 .debug_info   00009528  00000000  00000000  00003098  2**0
                  CONTENTS, READONLY, DEBUGGING
 10 .debug_abbrev 000019fa  00000000  00000000  0000c5c0  2**0
                  CONTENTS, READONLY, DEBUGGING
 11 .debug_aranges 00000418  00000000  00000000  0000dfc0  2**3
                  CONTENTS, READONLY, DEBUGGING
 12 .debug_ranges 000003b8  00000000  00000000  0000e3d8  2**3
                  CONTENTS, READONLY, DEBUGGING
 13 .debug_line   00005c2c  00000000  00000000  0000e790  2**0
                  CONTENTS, READONLY, DEBUGGING
 14 .debug_str    00001c8e  00000000  00000000  000143bc  2**0
                  CONTENTS, READONLY, DEBUGGING
 15 .comment      00000033  00000000  00000000  0001604a  2**0
                  CONTENTS, READONLY
 16 .debug_frame  00001064  00000000  00000000  00016080  2**2
                  CONTENTS, READONLY, DEBUGGING
 17 .debug_loc    00001833  00000000  00000000  000170e4  2**0
                  CONTENTS, READONLY, DEBUGGING
 18 .stab         00000084  00000000  00000000  00018918  2**2
                  CONTENTS, READONLY, DEBUGGING
 19 .stabstr      00000117  00000000  00000000  0001899c  2**0
                  CONTENTS, READONLY, DEBUGGING
SYMBOL TABLE:
00000000 l    d  .init	00000000 .init
00000038 l    d  .vector	00000000 .vector
00000140 l    d  .text	00000000 .text
00001bb0 l    d  .fini	00000000 .fini
20000000 l    d  .dalign	00000000 .dalign
00001bb0 l    d  .dlalign	00000000 .dlalign
20000000 l    d  .data	00000000 .data
20000098 l    d  .bss	00000000 .bss
20004800 l    d  .stack	00000000 .stack
00000000 l    d  .debug_info	00000000 .debug_info
00000000 l    d  .debug_abbrev	00000000 .debug_abbrev
00000000 l    d  .debug_aranges	00000000 .debug_aranges
00000000 l    d  .debug_ranges	00000000 .debug_ranges
00000000 l    d  .debug_line	00000000 .debug_line
00000000 l    d  .debug_str	00000000 .debug_str
00000000 l    d  .comment	00000000 .comment
00000000 l    d  .debug_frame	00000000 .debug_frame
00000000 l    d  .debug_loc	00000000 .debug_loc
00000000 l    d  .stab	00000000 .stab
00000000 l    d  .stabstr	00000000 .stabstr
00000000 l    df *ABS*	00000000 ./Startup/startup_ch32v10x.o
00000038 l       .vector	00000000 _vector_base
00000000 l    df *ABS*	00000000 ch32v10x_it.c
00000000 l    df *ABS*	00000000 main.c
00000000 l    df *ABS*	00000000 system_ch32v10x.c
00000000 l    df *ABS*	00000000 ch32v10x_dbgmcu.c
00000000 l    df *ABS*	00000000 ch32v10x_gpio.c
00000000 l    df *ABS*	00000000 ch32v10x_misc.c
00000000 l    df *ABS*	00000000 ch32v10x_rcc.c
20000010 l     O .data	00000010 APBAHBPrescTable
20000084 l     O .data	00000004 ADCPrescTable
00000000 l    df *ABS*	00000000 ch32v10x_usart.c
00000000 l    df *ABS*	00000000 debug.c
20000088 l     O .data	00000004 curbrk.4572
00000000 l    df *ABS*	00000000 printf.c
00000000 l    df *ABS*	00000000 puts.c
00000000 l    df *ABS*	00000000 wbuf.c
00000000 l    df *ABS*	00000000 wsetup.c
00000000 l    df *ABS*	00000000 fflush.c
00000000 l    df *ABS*	00000000 findfp.c
00000d42 l     F .text	0000006a std
00000000 l    df *ABS*	00000000 fwalk.c
00000000 l    df *ABS*	00000000 makebuf.c
00000000 l    df *ABS*	00000000 nano-mallocr.c
00000000 l    df *ABS*	00000000 nano-mallocr.c
00000000 l    df *ABS*	00000000 nano-vfprintf.c
000011de l     F .text	0000002a __sfputc_r
00000000 l    df *ABS*	00000000 nano-vfprintf_i.c
00000000 l    df *ABS*	00000000 sbrkr.c
00000000 l    df *ABS*	00000000 stdio.c
00000000 l    df *ABS*	00000000 writer.c
00000000 l    df *ABS*	00000000 closer.c
00000000 l    df *ABS*	00000000 fstatr.c
00000000 l    df *ABS*	00000000 isattyr.c
00000000 l    df *ABS*	00000000 lseekr.c
00000000 l    df *ABS*	00000000 memchr.c
00000000 l    df *ABS*	00000000 mlock.c
00000000 l    df *ABS*	00000000 readr.c
00000000 l    df *ABS*	00000000 close.c
00000000 l    df *ABS*	00000000 fstat.c
00000000 l    df *ABS*	00000000 isatty.c
00000000 l    df *ABS*	00000000 lseek.c
00000000 l    df *ABS*	00000000 read.c
00000000 l    df *ABS*	00000000 impure.c
20000020 l     O .data	00000060 impure_data
00000000 l    df *ABS*	00000000 reent.c
000004fa  w      .text	00000000 EXTI2_IRQHandler
000019fa g     F .text	00000028 _isatty_r
000008f2 g     F .text	000000da _puts_r
00001a22 g     F .text	0000002c _lseek_r
000008b2 g     F .text	00000040 printf
20000880 g       .data	00000000 __global_pointer$
00000148 g     F .text	00000028 .hidden __riscv_save_8
000004fa  w      .text	00000000 TIM1_CC_IRQHandler
0000193e g     F .text	00000036 __sseek
00000dfc g     F .text	00000066 __sinit
000009d6 g     F .text	000000c0 __swbuf_r
0000024a g     F .text	00000010 HardFault_Handler
00000db6 g     F .text	00000046 __sfmoreglue
00001a6a g     F .text	00000002 __malloc_unlock
00000194 g     F .text	0000000c .hidden __riscv_restore_3
00000324 g     F .text	00000046 SysTick_Handler
000004fa  w      .text	00000000 PVD_IRQHandler
00000180 g     F .text	00000020 .hidden __riscv_restore_10
00000248 g     F .text	00000002 NMI_Handler
000004fa  w      .text	00000000 EXTI3_IRQHandler
00000148 g     F .text	00000028 .hidden __riscv_save_11
00000576 g     F .text	0000000a DBGMCU_GetCHIPID
000007f6 g     F .text	0000000c USART_GetFlagStatus
000019d0 g     F .text	0000002a _fstat_r
200000a8 g     O .bss	00000004 errno
20000098 g       .bss	00000000 _sbss
00000800 g       *ABS*	00000000 __stack_size
00000802 g     F .text	00000052 USART_Printf_Init
000004fa  w      .text	00000000 USBFS_IRQHandler
00000194 g     F .text	0000000c .hidden __riscv_restore_2
00000dac g     F .text	0000000a _cleanup_r
000004fa  w      .text	00000000 EXTI0_IRQHandler
000004fa  w      .text	00000000 I2C2_EV_IRQHandler
000009cc g     F .text	0000000a puts
20000080 g     O .data	00000004 SystemCoreClock
00001aa4 g     F .text	0000000c _fstat
00000038 g       .init	00000000 _einit
0000070e g     F .text	0000001e RCC_APB2PeriphClockCmd
00000140 g     F .text	00000030 .hidden __riscv_save_12
000004fa  w      .text	00000000 ADC1_2_IRQHandler
00000580 g     F .text	000000c2 GPIO_Init
00000180 g     F .text	00000020 .hidden __riscv_restore_11
2000009c g     O .bss	00000004 NVIC_Priority_Group
000004fa  w      .text	00000000 SPI1_IRQHandler
000007d0 g     F .text	0000001c USART_Cmd
00001896 g     F .text	0000002a _sbrk_r
000004fa  w      .text	00000000 TAMPER_IRQHandler
00000170 g     F .text	0000000c .hidden __riscv_save_1
00000194 g     F .text	0000000c .hidden __riscv_restore_0
00001a6c g     F .text	0000002c _read_r
00000156 g     F .text	0000001a .hidden __riscv_save_7
20004800 g       .stack	00000000 _heap_end
00001ab0 g     F .text	0000000c _isatty
20000090 g     O .data	00000004 _global_impure_ptr
0000018a g     F .text	00000016 .hidden __riscv_restore_5
000004fa  w      .text	00000000 DMA1_Channel4_IRQHandler
0000088c g     F .text	00000026 _sbrk
0000018a g     F .text	00000016 .hidden __riscv_restore_6
000004fa  w      .text	00000000 USART3_IRQHandler
000004fa  w      .text	00000000 RTC_IRQHandler
200000ac g       .bss	00000000 _ebss
000004fa  w      .text	00000000 DMA1_Channel7_IRQHandler
000004fa  w      .text	00000000 TIM4_IRQHandler
00000148 g     F .text	00000028 .hidden __riscv_save_9
00001b14 g     O .text	00000020 __sf_fake_stderr
00000156 g     F .text	0000001a .hidden __riscv_save_4
000004fa  w      .text	00000000 I2C1_EV_IRQHandler
00000652 g     F .text	000000bc RCC_GetClocksFreq
000004fa  w      .text	00000000 DMA1_Channel6_IRQHandler
00001208 g     F .text	00000042 __sfputs_r
00001a4e g     F .text	0000001a memchr
0000072c g     F .text	000000a4 USART_Init
00001062 g     F .text	000000a8 _free_r
000004fa  w      .text	00000000 TIM3_IRQHandler
000004fa  w      .text	00000000 RCC_IRQHandler
00000170 g     F .text	0000000c .hidden __riscv_save_3
000004fa  w      .text	00000000 TIM1_TRG_COM_IRQHandler
000004fa  w      .text	00000000 DMA1_Channel1_IRQHandler
00000000 g       .init	00000000 _start
20000000 g     O .data	00000010 AHBPrescTable
00001abc g     F .text	0000000c _lseek
000004fa  w      .text	00000000 EXTI15_10_IRQHandler
000019a8 g     F .text	00000028 _close_r
20000000 g       .dalign	00000000 _data_vma
00000a96 g     F .text	0000010c __swsetup_r
000004fa  w      .text	00000000 EXTI9_5_IRQHandler
00000e62 g     F .text	0000009c __sfp
00000148 g     F .text	00000028 .hidden __riscv_save_10
000018c0 g     F .text	00000030 __sread
20000098 g     O .bss	00000004 counter
00001a68 g     F .text	00000002 __malloc_lock
0000018a g     F .text	00000016 .hidden __riscv_restore_4
00000180 g     F .text	00000020 .hidden __riscv_restore_8
00000cde g     F .text	00000064 _fflush_r
00000156 g     F .text	0000001a .hidden __riscv_save_6
000004fa  w      .text	00000000 SPI2_IRQHandler
00001b34 g     O .text	00000020 __sf_fake_stdin
000001a0 g     F .text	000000a8 memset
00000180 g     F .text	00000020 .hidden __riscv_restore_9
0000018a g     F .text	00000016 .hidden __riscv_restore_7
000002e4 g     F .text	00000040 main
00001974 g     F .text	00000006 __sclose
0000110a g     F .text	000000d4 _malloc_r
000004fa  w      .text	00000000 DMA1_Channel5_IRQHandler
000004fa  w      .text	00000000 EXTI4_IRQHandler
0000036a g     F .text	00000106 SystemInit
000008b2 g     F .text	00000040 iprintf
00000000 g       .init	00000000 _sinit
0000197a g     F .text	0000002e _write_r
000004fa  w      .text	00000000 DMA1_Channel3_IRQHandler
000014e2 g     F .text	0000010c _printf_common
2000008c g     O .data	00000004 _impure_ptr
000004fa  w      .text	00000000 TIM1_UP_IRQHandler
00000ba2 g     F .text	0000013c __sflush_r
000004fa  w      .text	00000000 WWDG_IRQHandler
000004fa  w      .text	00000000 TIM2_IRQHandler
20005000 g       .stack	00000000 _eusrstack
00000170 g     F .text	0000000c .hidden __riscv_save_2
000004fa  w      .text	00000000 SW_Handler
000004fa  w      .text	00000000 TIM1_BRK_IRQHandler
00000f6a g     F .text	0000005a __swhatbuf_r
000007ec g     F .text	0000000a USART_SendData
000004fa  w      .text	00000000 EXTI1_IRQHandler
00000156 g     F .text	0000001a .hidden __riscv_save_5
00000854 g     F .text	00000038 _write
20000098 g       .data	00000000 _edata
200000ac g       .bss	00000000 _end
000004fa  w      .text	00000000 RTCAlarm_IRQHandler
00001bb0 g       .dlalign	00000000 _data_lma
000004fa  w      .text	00000000 USART2_IRQHandler
000018f0 g     F .text	0000004e __swrite
0000124a g     F .text	00000298 _vfiprintf_r
00000efe g     F .text	0000006c _fwalk_reent
00000470 g     F .text	0000008a SystemCoreClockUpdate
000004fa  w      .text	00000000 I2C2_ER_IRQHandler
000004fa  w      .text	00000000 DMA1_Channel2_IRQHandler
00001b54 g     O .text	00000020 __sf_fake_stdout
0000017c g     F .text	00000024 .hidden __riscv_restore_12
00001ac8 g     F .text	0000000c _read
000004fc  w      .text	00000000 handle_reset
00000170 g     F .text	0000000c .hidden __riscv_save_0
000004fa  w      .text	00000000 FLASH_IRQHandler
000004fa  w      .text	00000000 USART1_IRQHandler
00000fc4 g     F .text	0000009e __smakebuf_r
000015ee g     F .text	000002a8 _printf_i
200000a4 g     O .bss	00000004 __malloc_sbrk_start
000004fa  w      .text	00000000 I2C1_ER_IRQHandler
00000642 g     F .text	00000010 NVIC_PriorityGroupConfig
200000a0 g     O .bss	00000004 __malloc_free_list
00000194 g     F .text	0000000c .hidden __riscv_restore_1
0000124a g     F .text	00000298 _vfprintf_r
0000025a g     F .text	0000008a SYSTICK_Init_Config
000004fa  w      .text	00000000 USBWakeUp_IRQHandler
00001a98 g     F .text	0000000c _close



Disassembly of section .init:

00000000 <_sinit>:
   0:	4fc0006f          	j	4fc <handle_reset>
   4:	00000013          	nop
   8:	00000013          	nop
   c:	00000013          	nop
  10:	00000013          	nop
  14:	00000013          	nop
  18:	00000013          	nop
  1c:	00000013          	nop
  20:	00000013          	nop
  24:	00000013          	nop
  28:	00000013          	nop
  2c:	00000013          	nop
  30:	00000013          	nop
  34:	00100073          	ebreak

Disassembly of section .vector:

00000038 <_vector_base>:
  38:	fc9ff06f          	j	0 <_sinit>
  3c:	0000                	unimp
  3e:	0000                	unimp
  40:	2080006f          	j	248 <NMI_Handler>
  44:	2060006f          	j	24a <HardFault_Handler>
	...
  68:	2bc0006f          	j	324 <SysTick_Handler>
  6c:	0000                	unimp
  6e:	0000                	unimp
  70:	48a0006f          	j	4fa <ADC1_2_IRQHandler>
  74:	0000                	unimp
  76:	0000                	unimp
  78:	4820006f          	j	4fa <ADC1_2_IRQHandler>
  7c:	47e0006f          	j	4fa <ADC1_2_IRQHandler>
  80:	47a0006f          	j	4fa <ADC1_2_IRQHandler>
  84:	4760006f          	j	4fa <ADC1_2_IRQHandler>
  88:	4720006f          	j	4fa <ADC1_2_IRQHandler>
  8c:	46e0006f          	j	4fa <ADC1_2_IRQHandler>
  90:	46a0006f          	j	4fa <ADC1_2_IRQHandler>
  94:	4660006f          	j	4fa <ADC1_2_IRQHandler>
  98:	4620006f          	j	4fa <ADC1_2_IRQHandler>
  9c:	45e0006f          	j	4fa <ADC1_2_IRQHandler>
  a0:	45a0006f          	j	4fa <ADC1_2_IRQHandler>
  a4:	4560006f          	j	4fa <ADC1_2_IRQHandler>
  a8:	4520006f          	j	4fa <ADC1_2_IRQHandler>
  ac:	44e0006f          	j	4fa <ADC1_2_IRQHandler>
  b0:	44a0006f          	j	4fa <ADC1_2_IRQHandler>
  b4:	4460006f          	j	4fa <ADC1_2_IRQHandler>
  b8:	4420006f          	j	4fa <ADC1_2_IRQHandler>
  bc:	43e0006f          	j	4fa <ADC1_2_IRQHandler>
  c0:	43a0006f          	j	4fa <ADC1_2_IRQHandler>
	...
  d4:	4260006f          	j	4fa <ADC1_2_IRQHandler>
  d8:	4220006f          	j	4fa <ADC1_2_IRQHandler>
  dc:	41e0006f          	j	4fa <ADC1_2_IRQHandler>
  e0:	41a0006f          	j	4fa <ADC1_2_IRQHandler>
  e4:	4160006f          	j	4fa <ADC1_2_IRQHandler>
  e8:	4120006f          	j	4fa <ADC1_2_IRQHandler>
  ec:	40e0006f          	j	4fa <ADC1_2_IRQHandler>
  f0:	40a0006f          	j	4fa <ADC1_2_IRQHandler>
  f4:	4060006f          	j	4fa <ADC1_2_IRQHandler>
  f8:	4020006f          	j	4fa <ADC1_2_IRQHandler>
  fc:	3fe0006f          	j	4fa <ADC1_2_IRQHandler>
 100:	3fa0006f          	j	4fa <ADC1_2_IRQHandler>
 104:	3f60006f          	j	4fa <ADC1_2_IRQHandler>
 108:	3f20006f          	j	4fa <ADC1_2_IRQHandler>
 10c:	3ee0006f          	j	4fa <ADC1_2_IRQHandler>
 110:	3ea0006f          	j	4fa <ADC1_2_IRQHandler>
 114:	3e60006f          	j	4fa <ADC1_2_IRQHandler>
 118:	3e20006f          	j	4fa <ADC1_2_IRQHandler>
 11c:	3de0006f          	j	4fa <ADC1_2_IRQHandler>
 120:	3da0006f          	j	4fa <ADC1_2_IRQHandler>
 124:	3d60006f          	j	4fa <ADC1_2_IRQHandler>
	...

Disassembly of section .text:

00000140 <__riscv_save_12>:
     140:	7139                	addi	sp,sp,-64
     142:	4301                	li	t1,0
     144:	c66e                	sw	s11,12(sp)
     146:	a019                	j	14c <__riscv_save_10+0x4>

00000148 <__riscv_save_10>:
     148:	7139                	addi	sp,sp,-64
     14a:	5341                	li	t1,-16
     14c:	c86a                	sw	s10,16(sp)
     14e:	ca66                	sw	s9,20(sp)
     150:	cc62                	sw	s8,24(sp)
     152:	ce5e                	sw	s7,28(sp)
     154:	a019                	j	15a <__riscv_save_4+0x4>

00000156 <__riscv_save_4>:
     156:	7139                	addi	sp,sp,-64
     158:	5301                	li	t1,-32
     15a:	d05a                	sw	s6,32(sp)
     15c:	d256                	sw	s5,36(sp)
     15e:	d452                	sw	s4,40(sp)
     160:	d64e                	sw	s3,44(sp)
     162:	d84a                	sw	s2,48(sp)
     164:	da26                	sw	s1,52(sp)
     166:	dc22                	sw	s0,56(sp)
     168:	de06                	sw	ra,60(sp)
     16a:	40610133          	sub	sp,sp,t1
     16e:	8282                	jr	t0

00000170 <__riscv_save_0>:
     170:	1141                	addi	sp,sp,-16
     172:	c04a                	sw	s2,0(sp)
     174:	c226                	sw	s1,4(sp)
     176:	c422                	sw	s0,8(sp)
     178:	c606                	sw	ra,12(sp)
     17a:	8282                	jr	t0

0000017c <__riscv_restore_12>:
     17c:	4db2                	lw	s11,12(sp)
     17e:	0141                	addi	sp,sp,16

00000180 <__riscv_restore_10>:
     180:	4d02                	lw	s10,0(sp)
     182:	4c92                	lw	s9,4(sp)
     184:	4c22                	lw	s8,8(sp)
     186:	4bb2                	lw	s7,12(sp)
     188:	0141                	addi	sp,sp,16

0000018a <__riscv_restore_4>:
     18a:	4b02                	lw	s6,0(sp)
     18c:	4a92                	lw	s5,4(sp)
     18e:	4a22                	lw	s4,8(sp)
     190:	49b2                	lw	s3,12(sp)
     192:	0141                	addi	sp,sp,16

00000194 <__riscv_restore_0>:
     194:	4902                	lw	s2,0(sp)
     196:	4492                	lw	s1,4(sp)
     198:	4422                	lw	s0,8(sp)
     19a:	40b2                	lw	ra,12(sp)
     19c:	0141                	addi	sp,sp,16
     19e:	8082                	ret

000001a0 <memset>:
     1a0:	433d                	li	t1,15
     1a2:	872a                	mv	a4,a0
     1a4:	02c37363          	bgeu	t1,a2,1ca <memset+0x2a>
     1a8:	00f77793          	andi	a5,a4,15
     1ac:	efbd                	bnez	a5,22a <memset+0x8a>
     1ae:	e5ad                	bnez	a1,218 <memset+0x78>
     1b0:	ff067693          	andi	a3,a2,-16
     1b4:	8a3d                	andi	a2,a2,15
     1b6:	96ba                	add	a3,a3,a4
     1b8:	c30c                	sw	a1,0(a4)
     1ba:	c34c                	sw	a1,4(a4)
     1bc:	c70c                	sw	a1,8(a4)
     1be:	c74c                	sw	a1,12(a4)
     1c0:	0741                	addi	a4,a4,16
     1c2:	fed76be3          	bltu	a4,a3,1b8 <memset+0x18>
     1c6:	e211                	bnez	a2,1ca <memset+0x2a>
     1c8:	8082                	ret
     1ca:	40c306b3          	sub	a3,t1,a2
     1ce:	068a                	slli	a3,a3,0x2
     1d0:	00000297          	auipc	t0,0x0
     1d4:	9696                	add	a3,a3,t0
     1d6:	00a68067          	jr	10(a3)
     1da:	00b70723          	sb	a1,14(a4)
     1de:	00b706a3          	sb	a1,13(a4)
     1e2:	00b70623          	sb	a1,12(a4)
     1e6:	00b705a3          	sb	a1,11(a4)
     1ea:	00b70523          	sb	a1,10(a4)
     1ee:	00b704a3          	sb	a1,9(a4)
     1f2:	00b70423          	sb	a1,8(a4)
     1f6:	00b703a3          	sb	a1,7(a4)
     1fa:	00b70323          	sb	a1,6(a4)
     1fe:	00b702a3          	sb	a1,5(a4)
     202:	00b70223          	sb	a1,4(a4)
     206:	00b701a3          	sb	a1,3(a4)
     20a:	00b70123          	sb	a1,2(a4)
     20e:	00b700a3          	sb	a1,1(a4)
     212:	00b70023          	sb	a1,0(a4)
     216:	8082                	ret
     218:	0ff5f593          	andi	a1,a1,255
     21c:	00859693          	slli	a3,a1,0x8
     220:	8dd5                	or	a1,a1,a3
     222:	01059693          	slli	a3,a1,0x10
     226:	8dd5                	or	a1,a1,a3
     228:	b761                	j	1b0 <memset+0x10>
     22a:	00279693          	slli	a3,a5,0x2
     22e:	00000297          	auipc	t0,0x0
     232:	9696                	add	a3,a3,t0
     234:	8286                	mv	t0,ra
     236:	fa8680e7          	jalr	-88(a3)
     23a:	8096                	mv	ra,t0
     23c:	17c1                	addi	a5,a5,-16
     23e:	8f1d                	sub	a4,a4,a5
     240:	963e                	add	a2,a2,a5
     242:	f8c374e3          	bgeu	t1,a2,1ca <memset+0x2a>
     246:	b7a5                	j	1ae <memset+0xe>

00000248 <NMI_Handler>:
     248:	a001                	j	248 <NMI_Handler>

0000024a <HardFault_Handler>:
     24a:	beef07b7          	lui	a5,0xbeef0
     24e:	e000e737          	lui	a4,0xe000e
     252:	08078793          	addi	a5,a5,128 # beef0080 <_eusrstack+0x9eeeb080>
     256:	c73c                	sw	a5,72(a4)
     258:	a001                	j	258 <HardFault_Handler+0xe>

0000025a <SYSTICK_Init_Config>:
     25a:	e000f7b7          	lui	a5,0xe000f
     25e:	0007a023          	sw	zero,0(a5) # e000f000 <_eusrstack+0xc000a000>
     262:	00078223          	sb	zero,4(a5)
     266:	000782a3          	sb	zero,5(a5)
     26a:	00078323          	sb	zero,6(a5)
     26e:	000783a3          	sb	zero,7(a5)
     272:	00078423          	sb	zero,8(a5)
     276:	000784a3          	sb	zero,9(a5)
     27a:	00078523          	sb	zero,10(a5)
     27e:	000785a3          	sb	zero,11(a5)
     282:	0ff57713          	andi	a4,a0,255
     286:	00e78623          	sb	a4,12(a5)
     28a:	00855713          	srli	a4,a0,0x8
     28e:	0ff77713          	andi	a4,a4,255
     292:	00e786a3          	sb	a4,13(a5)
     296:	01055713          	srli	a4,a0,0x10
     29a:	0ff77713          	andi	a4,a4,255
     29e:	00e78723          	sb	a4,14(a5)
     2a2:	8161                	srli	a0,a0,0x18
     2a4:	00a787a3          	sb	a0,15(a5)
     2a8:	0ff5f713          	andi	a4,a1,255
     2ac:	00e78823          	sb	a4,16(a5)
     2b0:	0085d713          	srli	a4,a1,0x8
     2b4:	0ff77713          	andi	a4,a4,255
     2b8:	00e788a3          	sb	a4,17(a5)
     2bc:	0105d713          	srli	a4,a1,0x10
     2c0:	0ff77713          	andi	a4,a4,255
     2c4:	00e78923          	sb	a4,18(a5)
     2c8:	81e1                	srli	a1,a1,0x18
     2ca:	00b789a3          	sb	a1,19(a5)
     2ce:	e000e737          	lui	a4,0xe000e
     2d2:	46bd                	li	a3,15
     2d4:	40d70623          	sb	a3,1036(a4) # e000e40c <_eusrstack+0xc000940c>
     2d8:	6685                	lui	a3,0x1
     2da:	10d72023          	sw	a3,256(a4)
     2de:	4705                	li	a4,1
     2e0:	c398                	sw	a4,0(a5)
     2e2:	8082                	ret

000002e4 <main>:
     2e4:	e8dff2ef          	jal	t0,170 <__riscv_save_0>
     2e8:	2261                	jal	470 <SystemCoreClockUpdate>
     2ea:	4505                	li	a0,1
     2ec:	2e99                	jal	642 <NVIC_PriorityGroupConfig>
     2ee:	6571                	lui	a0,0x1c
     2f0:	20050513          	addi	a0,a0,512 # 1c200 <_data_lma+0x1a650>
     2f4:	2339                	jal	802 <USART_Printf_Init>
     2f6:	20000437          	lui	s0,0x20000
     2fa:	08042583          	lw	a1,128(s0) # 20000080 <SystemCoreClock>
     2fe:	00002537          	lui	a0,0x2
     302:	af450513          	addi	a0,a0,-1292 # 1af4 <_read+0x2c>
     306:	2375                	jal	8b2 <iprintf>
     308:	24bd                	jal	576 <DBGMCU_GetCHIPID>
     30a:	85aa                	mv	a1,a0
     30c:	00002537          	lui	a0,0x2
     310:	b0450513          	addi	a0,a0,-1276 # 1b04 <_read+0x3c>
     314:	2b79                	jal	8b2 <iprintf>
     316:	08042503          	lw	a0,128(s0)
     31a:	4581                	li	a1,0
     31c:	810d                	srli	a0,a0,0x3
     31e:	157d                	addi	a0,a0,-1
     320:	3f2d                	jal	25a <SYSTICK_Init_Config>
     322:	a001                	j	322 <main+0x3e>

00000324 <SysTick_Handler>:
     324:	00002537          	lui	a0,0x2
     328:	ad450513          	addi	a0,a0,-1324 # 1ad4 <_read+0xc>
     32c:	2545                	jal	9cc <puts>
     32e:	e000f7b7          	lui	a5,0xe000f
     332:	00078223          	sb	zero,4(a5) # e000f004 <_eusrstack+0xc000a004>
     336:	000782a3          	sb	zero,5(a5)
     33a:	00078323          	sb	zero,6(a5)
     33e:	000783a3          	sb	zero,7(a5)
     342:	00078423          	sb	zero,8(a5)
     346:	000784a3          	sb	zero,9(a5)
     34a:	00078523          	sb	zero,10(a5)
     34e:	000785a3          	sb	zero,11(a5)
     352:	81818793          	addi	a5,gp,-2024 # 20000098 <_edata>
     356:	438c                	lw	a1,0(a5)
     358:	00002537          	lui	a0,0x2
     35c:	ae450513          	addi	a0,a0,-1308 # 1ae4 <_read+0x1c>
     360:	0585                	addi	a1,a1,1
     362:	c38c                	sw	a1,0(a5)
     364:	23b9                	jal	8b2 <iprintf>
     366:	30200073          	mret

0000036a <SystemInit>:
     36a:	400217b7          	lui	a5,0x40021
     36e:	4398                	lw	a4,0(a5)
     370:	f8ff06b7          	lui	a3,0xf8ff0
     374:	1141                	addi	sp,sp,-16
     376:	00176713          	ori	a4,a4,1
     37a:	c398                	sw	a4,0(a5)
     37c:	43d8                	lw	a4,4(a5)
     37e:	00020637          	lui	a2,0x20
     382:	8f75                	and	a4,a4,a3
     384:	c3d8                	sw	a4,4(a5)
     386:	4398                	lw	a4,0(a5)
     388:	fef706b7          	lui	a3,0xfef70
     38c:	16fd                	addi	a3,a3,-1
     38e:	8f75                	and	a4,a4,a3
     390:	c398                	sw	a4,0(a5)
     392:	4398                	lw	a4,0(a5)
     394:	fffc06b7          	lui	a3,0xfffc0
     398:	16fd                	addi	a3,a3,-1
     39a:	8f75                	and	a4,a4,a3
     39c:	c398                	sw	a4,0(a5)
     39e:	43d8                	lw	a4,4(a5)
     3a0:	ff8106b7          	lui	a3,0xff810
     3a4:	16fd                	addi	a3,a3,-1
     3a6:	8f75                	and	a4,a4,a3
     3a8:	c3d8                	sw	a4,4(a5)
     3aa:	009f0737          	lui	a4,0x9f0
     3ae:	c798                	sw	a4,8(a5)
     3b0:	c402                	sw	zero,8(sp)
     3b2:	c602                	sw	zero,12(sp)
     3b4:	4398                	lw	a4,0(a5)
     3b6:	66c1                	lui	a3,0x10
     3b8:	8f55                	or	a4,a4,a3
     3ba:	c398                	sw	a4,0(a5)
     3bc:	400216b7          	lui	a3,0x40021
     3c0:	50000713          	li	a4,1280
     3c4:	429c                	lw	a5,0(a3)
     3c6:	8ff1                	and	a5,a5,a2
     3c8:	c63e                	sw	a5,12(sp)
     3ca:	47a2                	lw	a5,8(sp)
     3cc:	0785                	addi	a5,a5,1
     3ce:	c43e                	sw	a5,8(sp)
     3d0:	47b2                	lw	a5,12(sp)
     3d2:	e781                	bnez	a5,3da <SystemInit+0x70>
     3d4:	47a2                	lw	a5,8(sp)
     3d6:	fee797e3          	bne	a5,a4,3c4 <SystemInit+0x5a>
     3da:	400217b7          	lui	a5,0x40021
     3de:	439c                	lw	a5,0(a5)
     3e0:	00e79713          	slli	a4,a5,0xe
     3e4:	08075463          	bgez	a4,46c <SystemInit+0x102>
     3e8:	4785                	li	a5,1
     3ea:	c63e                	sw	a5,12(sp)
     3ec:	4732                	lw	a4,12(sp)
     3ee:	4785                	li	a5,1
     3f0:	06f71c63          	bne	a4,a5,468 <SystemInit+0xfe>
     3f4:	400227b7          	lui	a5,0x40022
     3f8:	4398                	lw	a4,0(a5)
     3fa:	ffc106b7          	lui	a3,0xffc10
     3fe:	16fd                	addi	a3,a3,-1
     400:	01076713          	ori	a4,a4,16
     404:	c398                	sw	a4,0(a5)
     406:	4398                	lw	a4,0(a5)
     408:	9b71                	andi	a4,a4,-4
     40a:	c398                	sw	a4,0(a5)
     40c:	4398                	lw	a4,0(a5)
     40e:	00276713          	ori	a4,a4,2
     412:	c398                	sw	a4,0(a5)
     414:	400217b7          	lui	a5,0x40021
     418:	43d8                	lw	a4,4(a5)
     41a:	c3d8                	sw	a4,4(a5)
     41c:	43d8                	lw	a4,4(a5)
     41e:	c3d8                	sw	a4,4(a5)
     420:	43d8                	lw	a4,4(a5)
     422:	40076713          	ori	a4,a4,1024
     426:	c3d8                	sw	a4,4(a5)
     428:	43d8                	lw	a4,4(a5)
     42a:	8f75                	and	a4,a4,a3
     42c:	c3d8                	sw	a4,4(a5)
     42e:	43d8                	lw	a4,4(a5)
     430:	001d06b7          	lui	a3,0x1d0
     434:	8f55                	or	a4,a4,a3
     436:	c3d8                	sw	a4,4(a5)
     438:	4398                	lw	a4,0(a5)
     43a:	010006b7          	lui	a3,0x1000
     43e:	8f55                	or	a4,a4,a3
     440:	c398                	sw	a4,0(a5)
     442:	4398                	lw	a4,0(a5)
     444:	00671693          	slli	a3,a4,0x6
     448:	fe06dde3          	bgez	a3,442 <SystemInit+0xd8>
     44c:	43d8                	lw	a4,4(a5)
     44e:	400216b7          	lui	a3,0x40021
     452:	9b71                	andi	a4,a4,-4
     454:	c3d8                	sw	a4,4(a5)
     456:	43d8                	lw	a4,4(a5)
     458:	00276713          	ori	a4,a4,2
     45c:	c3d8                	sw	a4,4(a5)
     45e:	4721                	li	a4,8
     460:	42dc                	lw	a5,4(a3)
     462:	8bb1                	andi	a5,a5,12
     464:	fee79ee3          	bne	a5,a4,460 <SystemInit+0xf6>
     468:	0141                	addi	sp,sp,16
     46a:	8082                	ret
     46c:	c602                	sw	zero,12(sp)
     46e:	bfbd                	j	3ec <SystemInit+0x82>

00000470 <SystemCoreClockUpdate>:
     470:	400216b7          	lui	a3,0x40021
     474:	42dc                	lw	a5,4(a3)
     476:	20000737          	lui	a4,0x20000
     47a:	4611                	li	a2,4
     47c:	8bb1                	andi	a5,a5,12
     47e:	08070713          	addi	a4,a4,128 # 20000080 <SystemCoreClock>
     482:	00c78563          	beq	a5,a2,48c <SystemCoreClockUpdate+0x1c>
     486:	4621                	li	a2,8
     488:	02c78963          	beq	a5,a2,4ba <SystemCoreClockUpdate+0x4a>
     48c:	007a17b7          	lui	a5,0x7a1
     490:	20078793          	addi	a5,a5,512 # 7a1200 <_data_lma+0x79f650>
     494:	c31c                	sw	a5,0(a4)
     496:	400217b7          	lui	a5,0x40021
     49a:	43dc                	lw	a5,4(a5)
     49c:	8391                	srli	a5,a5,0x4
     49e:	00f7f693          	andi	a3,a5,15
     4a2:	200007b7          	lui	a5,0x20000
     4a6:	00078793          	mv	a5,a5
     4aa:	97b6                	add	a5,a5,a3
     4ac:	0007c683          	lbu	a3,0(a5) # 20000000 <_data_vma>
     4b0:	431c                	lw	a5,0(a4)
     4b2:	00d7d7b3          	srl	a5,a5,a3
     4b6:	c31c                	sw	a5,0(a4)
     4b8:	8082                	ret
     4ba:	42dc                	lw	a5,4(a3)
     4bc:	42d0                	lw	a2,4(a3)
     4be:	83c9                	srli	a5,a5,0x12
     4c0:	8bbd                	andi	a5,a5,15
     4c2:	00f61593          	slli	a1,a2,0xf
     4c6:	0789                	addi	a5,a5,2
     4c8:	0005cd63          	bltz	a1,4e2 <SystemCoreClockUpdate+0x72>
     4cc:	400246b7          	lui	a3,0x40024
     4d0:	8006a683          	lw	a3,-2048(a3) # 40023800 <_eusrstack+0x2001e800>
     4d4:	8ac1                	andi	a3,a3,16
     4d6:	ca99                	beqz	a3,4ec <SystemCoreClockUpdate+0x7c>
     4d8:	007a16b7          	lui	a3,0x7a1
     4dc:	20068693          	addi	a3,a3,512 # 7a1200 <_data_lma+0x79f650>
     4e0:	a811                	j	4f4 <SystemCoreClockUpdate+0x84>
     4e2:	42d4                	lw	a3,4(a3)
     4e4:	00e69613          	slli	a2,a3,0xe
     4e8:	fe0658e3          	bgez	a2,4d8 <SystemCoreClockUpdate+0x68>
     4ec:	003d16b7          	lui	a3,0x3d1
     4f0:	90068693          	addi	a3,a3,-1792 # 3d0900 <_data_lma+0x3ced50>
     4f4:	02d787b3          	mul	a5,a5,a3
     4f8:	bf71                	j	494 <SystemCoreClockUpdate+0x24>

000004fa <ADC1_2_IRQHandler>:
     4fa:	a001                	j	4fa <ADC1_2_IRQHandler>

000004fc <handle_reset>:
     4fc:	20000197          	auipc	gp,0x20000
     500:	38418193          	addi	gp,gp,900 # 20000880 <__global_pointer$>
     504:	20005117          	auipc	sp,0x20005
     508:	afc10113          	addi	sp,sp,-1284 # 20005000 <_eusrstack>
     50c:	00001517          	auipc	a0,0x1
     510:	6a450513          	addi	a0,a0,1700 # 1bb0 <_data_lma>
     514:	20000597          	auipc	a1,0x20000
     518:	aec58593          	addi	a1,a1,-1300 # 20000000 <_data_vma>
     51c:	81818613          	addi	a2,gp,-2024 # 20000098 <_edata>
     520:	00c5fa63          	bgeu	a1,a2,534 <handle_reset+0x38>
     524:	00052283          	lw	t0,0(a0)
     528:	0055a023          	sw	t0,0(a1)
     52c:	0511                	addi	a0,a0,4
     52e:	0591                	addi	a1,a1,4
     530:	fec5eae3          	bltu	a1,a2,524 <handle_reset+0x28>
     534:	81818513          	addi	a0,gp,-2024 # 20000098 <_edata>
     538:	82c18593          	addi	a1,gp,-2004 # 200000ac <_ebss>
     53c:	00b57763          	bgeu	a0,a1,54a <handle_reset+0x4e>
     540:	00052023          	sw	zero,0(a0)
     544:	0511                	addi	a0,a0,4
     546:	feb56de3          	bltu	a0,a1,540 <handle_reset+0x44>
     54a:	08800293          	li	t0,136
     54e:	30029073          	csrw	mstatus,t0
     552:	00000297          	auipc	t0,0x0
     556:	ae628293          	addi	t0,t0,-1306 # 38 <_einit>
     55a:	0012e293          	ori	t0,t0,1
     55e:	30529073          	csrw	mtvec,t0
     562:	e09ff0ef          	jal	ra,36a <SystemInit>
     566:	00000297          	auipc	t0,0x0
     56a:	d7e28293          	addi	t0,t0,-642 # 2e4 <main>
     56e:	34129073          	csrw	mepc,t0
     572:	30200073          	mret

00000576 <DBGMCU_GetCHIPID>:
     576:	200007b7          	lui	a5,0x20000
     57a:	8847a503          	lw	a0,-1916(a5) # 1ffff884 <_data_lma+0x1fffdcd4>
     57e:	8082                	ret

00000580 <GPIO_Init>:
     580:	459c                	lw	a5,8(a1)
     582:	0107f713          	andi	a4,a5,16
     586:	00f7f813          	andi	a6,a5,15
     58a:	c701                	beqz	a4,592 <GPIO_Init+0x12>
     58c:	41d8                	lw	a4,4(a1)
     58e:	00e86833          	or	a6,a6,a4
     592:	0005d583          	lhu	a1,0(a1)
     596:	0ff5f713          	andi	a4,a1,255
     59a:	c339                	beqz	a4,5e0 <GPIO_Init+0x60>
     59c:	4118                	lw	a4,0(a0)
     59e:	4681                	li	a3,0
     5a0:	4e85                	li	t4,1
     5a2:	4f3d                	li	t5,15
     5a4:	02800f93          	li	t6,40
     5a8:	04800293          	li	t0,72
     5ac:	4e21                	li	t3,8
     5ae:	00de9633          	sll	a2,t4,a3
     5b2:	00c5f8b3          	and	a7,a1,a2
     5b6:	03161163          	bne	a2,a7,5d8 <GPIO_Init+0x58>
     5ba:	00269893          	slli	a7,a3,0x2
     5be:	011f1333          	sll	t1,t5,a7
     5c2:	fff34313          	not	t1,t1
     5c6:	00e37733          	and	a4,t1,a4
     5ca:	011818b3          	sll	a7,a6,a7
     5ce:	00e8e733          	or	a4,a7,a4
     5d2:	05f79f63          	bne	a5,t6,630 <GPIO_Init+0xb0>
     5d6:	c950                	sw	a2,20(a0)
     5d8:	0685                	addi	a3,a3,1
     5da:	fdc69ae3          	bne	a3,t3,5ae <GPIO_Init+0x2e>
     5de:	c118                	sw	a4,0(a0)
     5e0:	0ff00713          	li	a4,255
     5e4:	04b77563          	bgeu	a4,a1,62e <GPIO_Init+0xae>
     5e8:	4154                	lw	a3,4(a0)
     5ea:	4621                	li	a2,8
     5ec:	4e85                	li	t4,1
     5ee:	4f3d                	li	t5,15
     5f0:	02800f93          	li	t6,40
     5f4:	04800293          	li	t0,72
     5f8:	4e41                	li	t3,16
     5fa:	00ce98b3          	sll	a7,t4,a2
     5fe:	0115f733          	and	a4,a1,a7
     602:	02e89263          	bne	a7,a4,626 <GPIO_Init+0xa6>
     606:	00261713          	slli	a4,a2,0x2
     60a:	1701                	addi	a4,a4,-32
     60c:	00ef1333          	sll	t1,t5,a4
     610:	fff34313          	not	t1,t1
     614:	00d376b3          	and	a3,t1,a3
     618:	00e81733          	sll	a4,a6,a4
     61c:	8ed9                	or	a3,a3,a4
     61e:	01f79d63          	bne	a5,t6,638 <GPIO_Init+0xb8>
     622:	01152a23          	sw	a7,20(a0)
     626:	0605                	addi	a2,a2,1
     628:	fdc619e3          	bne	a2,t3,5fa <GPIO_Init+0x7a>
     62c:	c154                	sw	a3,4(a0)
     62e:	8082                	ret
     630:	fa5794e3          	bne	a5,t0,5d8 <GPIO_Init+0x58>
     634:	c910                	sw	a2,16(a0)
     636:	b74d                	j	5d8 <GPIO_Init+0x58>
     638:	fe5797e3          	bne	a5,t0,626 <GPIO_Init+0xa6>
     63c:	01152823          	sw	a7,16(a0)
     640:	b7dd                	j	626 <GPIO_Init+0xa6>

00000642 <NVIC_PriorityGroupConfig>:
     642:	e000e7b7          	lui	a5,0xe000e
     646:	fa050737          	lui	a4,0xfa050
     64a:	c7b8                	sw	a4,72(a5)
     64c:	80a1ae23          	sw	a0,-2020(gp) # 2000009c <NVIC_Priority_Group>
     650:	8082                	ret

00000652 <RCC_GetClocksFreq>:
     652:	40021737          	lui	a4,0x40021
     656:	435c                	lw	a5,4(a4)
     658:	4691                	li	a3,4
     65a:	8bb1                	andi	a5,a5,12
     65c:	00d78563          	beq	a5,a3,666 <RCC_GetClocksFreq+0x14>
     660:	46a1                	li	a3,8
     662:	06d78663          	beq	a5,a3,6ce <RCC_GetClocksFreq+0x7c>
     666:	007a17b7          	lui	a5,0x7a1
     66a:	20078793          	addi	a5,a5,512 # 7a1200 <_data_lma+0x79f650>
     66e:	c11c                	sw	a5,0(a0)
     670:	40021637          	lui	a2,0x40021
     674:	425c                	lw	a5,4(a2)
     676:	20000737          	lui	a4,0x20000
     67a:	01070713          	addi	a4,a4,16 # 20000010 <APBAHBPrescTable>
     67e:	8391                	srli	a5,a5,0x4
     680:	8bbd                	andi	a5,a5,15
     682:	97ba                	add	a5,a5,a4
     684:	0007c683          	lbu	a3,0(a5)
     688:	411c                	lw	a5,0(a0)
     68a:	00d7d7b3          	srl	a5,a5,a3
     68e:	c15c                	sw	a5,4(a0)
     690:	4254                	lw	a3,4(a2)
     692:	82a1                	srli	a3,a3,0x8
     694:	8a9d                	andi	a3,a3,7
     696:	96ba                	add	a3,a3,a4
     698:	0006c683          	lbu	a3,0(a3)
     69c:	00d7d6b3          	srl	a3,a5,a3
     6a0:	c514                	sw	a3,8(a0)
     6a2:	4254                	lw	a3,4(a2)
     6a4:	82ad                	srli	a3,a3,0xb
     6a6:	8a9d                	andi	a3,a3,7
     6a8:	9736                	add	a4,a4,a3
     6aa:	00074703          	lbu	a4,0(a4)
     6ae:	00e7d7b3          	srl	a5,a5,a4
     6b2:	c55c                	sw	a5,12(a0)
     6b4:	4258                	lw	a4,4(a2)
     6b6:	8339                	srli	a4,a4,0xe
     6b8:	00377693          	andi	a3,a4,3
     6bc:	80418713          	addi	a4,gp,-2044 # 20000084 <ADCPrescTable>
     6c0:	9736                	add	a4,a4,a3
     6c2:	00074703          	lbu	a4,0(a4)
     6c6:	02e7d7b3          	divu	a5,a5,a4
     6ca:	c91c                	sw	a5,16(a0)
     6cc:	8082                	ret
     6ce:	435c                	lw	a5,4(a4)
     6d0:	4354                	lw	a3,4(a4)
     6d2:	83c9                	srli	a5,a5,0x12
     6d4:	8bbd                	andi	a5,a5,15
     6d6:	00f69613          	slli	a2,a3,0xf
     6da:	0789                	addi	a5,a5,2
     6dc:	00064d63          	bltz	a2,6f6 <RCC_GetClocksFreq+0xa4>
     6e0:	40024737          	lui	a4,0x40024
     6e4:	80072703          	lw	a4,-2048(a4) # 40023800 <_eusrstack+0x2001e800>
     6e8:	8b41                	andi	a4,a4,16
     6ea:	cb19                	beqz	a4,700 <RCC_GetClocksFreq+0xae>
     6ec:	007a1737          	lui	a4,0x7a1
     6f0:	20070713          	addi	a4,a4,512 # 7a1200 <_data_lma+0x79f650>
     6f4:	a811                	j	708 <RCC_GetClocksFreq+0xb6>
     6f6:	4358                	lw	a4,4(a4)
     6f8:	00e71693          	slli	a3,a4,0xe
     6fc:	fe06d8e3          	bgez	a3,6ec <RCC_GetClocksFreq+0x9a>
     700:	003d1737          	lui	a4,0x3d1
     704:	90070713          	addi	a4,a4,-1792 # 3d0900 <_data_lma+0x3ced50>
     708:	02e787b3          	mul	a5,a5,a4
     70c:	b78d                	j	66e <RCC_GetClocksFreq+0x1c>

0000070e <RCC_APB2PeriphClockCmd>:
     70e:	c599                	beqz	a1,71c <RCC_APB2PeriphClockCmd+0xe>
     710:	40021737          	lui	a4,0x40021
     714:	4f1c                	lw	a5,24(a4)
     716:	8d5d                	or	a0,a0,a5
     718:	cf08                	sw	a0,24(a4)
     71a:	8082                	ret
     71c:	400217b7          	lui	a5,0x40021
     720:	4f98                	lw	a4,24(a5)
     722:	fff54513          	not	a0,a0
     726:	8d79                	and	a0,a0,a4
     728:	cf88                	sw	a0,24(a5)
     72a:	8082                	ret

0000072c <USART_Init>:
     72c:	a45ff2ef          	jal	t0,170 <__riscv_save_0>
     730:	01055683          	lhu	a3,16(a0)
     734:	77f5                	lui	a5,0xffffd
     736:	17fd                	addi	a5,a5,-1
     738:	8ff5                	and	a5,a5,a3
     73a:	0065d683          	lhu	a3,6(a1)
     73e:	00c5d703          	lhu	a4,12(a1)
     742:	7179                	addi	sp,sp,-48
     744:	8fd5                	or	a5,a5,a3
     746:	00f51823          	sh	a5,16(a0)
     74a:	00c55683          	lhu	a3,12(a0)
     74e:	77fd                	lui	a5,0xfffff
     750:	9f378793          	addi	a5,a5,-1549 # ffffe9f3 <_eusrstack+0xdfff99f3>
     754:	8ff5                	and	a5,a5,a3
     756:	0045d683          	lhu	a3,4(a1)
     75a:	842a                	mv	s0,a0
     75c:	c62e                	sw	a1,12(sp)
     75e:	8fd5                	or	a5,a5,a3
     760:	0085d683          	lhu	a3,8(a1)
     764:	8fd5                	or	a5,a5,a3
     766:	00a5d683          	lhu	a3,10(a1)
     76a:	8fd5                	or	a5,a5,a3
     76c:	00f51623          	sh	a5,12(a0)
     770:	01455783          	lhu	a5,20(a0)
     774:	07c2                	slli	a5,a5,0x10
     776:	83c1                	srli	a5,a5,0x10
     778:	cff7f793          	andi	a5,a5,-769
     77c:	8fd9                	or	a5,a5,a4
     77e:	00f51a23          	sh	a5,20(a0)
     782:	0868                	addi	a0,sp,28
     784:	35f9                	jal	652 <RCC_GetClocksFreq>
     786:	400147b7          	lui	a5,0x40014
     78a:	80078793          	addi	a5,a5,-2048 # 40013800 <_eusrstack+0x2000e800>
     78e:	45b2                	lw	a1,12(sp)
     790:	02f41e63          	bne	s0,a5,7cc <USART_Init+0xa0>
     794:	57a2                	lw	a5,40(sp)
     796:	4765                	li	a4,25
     798:	02e787b3          	mul	a5,a5,a4
     79c:	4198                	lw	a4,0(a1)
     79e:	06400693          	li	a3,100
     7a2:	070a                	slli	a4,a4,0x2
     7a4:	02e7d7b3          	divu	a5,a5,a4
     7a8:	02d7d733          	divu	a4,a5,a3
     7ac:	02d7f7b3          	remu	a5,a5,a3
     7b0:	0712                	slli	a4,a4,0x4
     7b2:	0792                	slli	a5,a5,0x4
     7b4:	03278793          	addi	a5,a5,50
     7b8:	02d7d7b3          	divu	a5,a5,a3
     7bc:	8bbd                	andi	a5,a5,15
     7be:	8fd9                	or	a5,a5,a4
     7c0:	07c2                	slli	a5,a5,0x10
     7c2:	83c1                	srli	a5,a5,0x10
     7c4:	00f41423          	sh	a5,8(s0)
     7c8:	6145                	addi	sp,sp,48
     7ca:	b2e9                	j	194 <__riscv_restore_0>
     7cc:	5792                	lw	a5,36(sp)
     7ce:	b7e1                	j	796 <USART_Init+0x6a>

000007d0 <USART_Cmd>:
     7d0:	c981                	beqz	a1,7e0 <USART_Cmd+0x10>
     7d2:	00c55783          	lhu	a5,12(a0)
     7d6:	6709                	lui	a4,0x2
     7d8:	8fd9                	or	a5,a5,a4
     7da:	00f51623          	sh	a5,12(a0)
     7de:	8082                	ret
     7e0:	00c55703          	lhu	a4,12(a0)
     7e4:	77f9                	lui	a5,0xffffe
     7e6:	17fd                	addi	a5,a5,-1
     7e8:	8ff9                	and	a5,a5,a4
     7ea:	bfc5                	j	7da <USART_Cmd+0xa>

000007ec <USART_SendData>:
     7ec:	1ff5f593          	andi	a1,a1,511
     7f0:	00b51223          	sh	a1,4(a0)
     7f4:	8082                	ret

000007f6 <USART_GetFlagStatus>:
     7f6:	00055503          	lhu	a0,0(a0)
     7fa:	8d6d                	and	a0,a0,a1
     7fc:	00a03533          	snez	a0,a0
     800:	8082                	ret

00000802 <USART_Printf_Init>:
     802:	96fff2ef          	jal	t0,170 <__riscv_save_0>
     806:	842a                	mv	s0,a0
     808:	6511                	lui	a0,0x4
     80a:	1101                	addi	sp,sp,-32
     80c:	4585                	li	a1,1
     80e:	0511                	addi	a0,a0,4
     810:	3dfd                	jal	70e <RCC_APB2PeriphClockCmd>
     812:	20000793          	li	a5,512
     816:	00f11223          	sh	a5,4(sp)
     81a:	40011537          	lui	a0,0x40011
     81e:	478d                	li	a5,3
     820:	c43e                	sw	a5,8(sp)
     822:	004c                	addi	a1,sp,4
     824:	47e1                	li	a5,24
     826:	80050513          	addi	a0,a0,-2048 # 40010800 <_eusrstack+0x2000b800>
     82a:	c63e                	sw	a5,12(sp)
     82c:	3b91                	jal	580 <GPIO_Init>
     82e:	c822                	sw	s0,16(sp)
     830:	40014437          	lui	s0,0x40014
     834:	000807b7          	lui	a5,0x80
     838:	080c                	addi	a1,sp,16
     83a:	80040513          	addi	a0,s0,-2048 # 40013800 <_eusrstack+0x2000e800>
     83e:	cc3e                	sw	a5,24(sp)
     840:	ca02                	sw	zero,20(sp)
     842:	00011e23          	sh	zero,28(sp)
     846:	35dd                	jal	72c <USART_Init>
     848:	4585                	li	a1,1
     84a:	80040513          	addi	a0,s0,-2048
     84e:	3749                	jal	7d0 <USART_Cmd>
     850:	6105                	addi	sp,sp,32
     852:	b289                	j	194 <__riscv_restore_0>

00000854 <_write>:
     854:	903ff2ef          	jal	t0,156 <__riscv_save_4>
     858:	400144b7          	lui	s1,0x40014
     85c:	89ae                	mv	s3,a1
     85e:	8932                	mv	s2,a2
     860:	4401                	li	s0,0
     862:	80048493          	addi	s1,s1,-2048 # 40013800 <_eusrstack+0x2000e800>
     866:	01244463          	blt	s0,s2,86e <_write+0x1a>
     86a:	854a                	mv	a0,s2
     86c:	ba39                	j	18a <__riscv_restore_4>
     86e:	04000593          	li	a1,64
     872:	8526                	mv	a0,s1
     874:	3749                	jal	7f6 <USART_GetFlagStatus>
     876:	dd65                	beqz	a0,86e <_write+0x1a>
     878:	008987b3          	add	a5,s3,s0
     87c:	00078583          	lb	a1,0(a5) # 80000 <_data_lma+0x7e450>
     880:	8526                	mv	a0,s1
     882:	0405                	addi	s0,s0,1
     884:	05c2                	slli	a1,a1,0x10
     886:	81c1                	srli	a1,a1,0x10
     888:	3795                	jal	7ec <USART_SendData>
     88a:	bff1                	j	866 <_write+0x12>

0000088c <_sbrk>:
     88c:	80818713          	addi	a4,gp,-2040 # 20000088 <curbrk.4572>
     890:	431c                	lw	a5,0(a4)
     892:	82c18693          	addi	a3,gp,-2004 # 200000ac <_ebss>
     896:	953e                	add	a0,a0,a5
     898:	00d56b63          	bltu	a0,a3,8ae <_sbrk+0x22>
     89c:	200056b7          	lui	a3,0x20005
     8a0:	80068693          	addi	a3,a3,-2048 # 20004800 <_heap_end>
     8a4:	00a6e563          	bltu	a3,a0,8ae <_sbrk+0x22>
     8a8:	c308                	sw	a0,0(a4)
     8aa:	853e                	mv	a0,a5
     8ac:	8082                	ret
     8ae:	57fd                	li	a5,-1
     8b0:	bfed                	j	8aa <_sbrk+0x1e>

000008b2 <iprintf>:
     8b2:	7139                	addi	sp,sp,-64
     8b4:	da3e                	sw	a5,52(sp)
     8b6:	d22e                	sw	a1,36(sp)
     8b8:	d432                	sw	a2,40(sp)
     8ba:	d636                	sw	a3,44(sp)
     8bc:	d83a                	sw	a4,48(sp)
     8be:	dc42                	sw	a6,56(sp)
     8c0:	de46                	sw	a7,60(sp)
     8c2:	80c18793          	addi	a5,gp,-2036 # 2000008c <_impure_ptr>
     8c6:	cc22                	sw	s0,24(sp)
     8c8:	4380                	lw	s0,0(a5)
     8ca:	ca26                	sw	s1,20(sp)
     8cc:	ce06                	sw	ra,28(sp)
     8ce:	84aa                	mv	s1,a0
     8d0:	c409                	beqz	s0,8da <iprintf+0x28>
     8d2:	4c1c                	lw	a5,24(s0)
     8d4:	e399                	bnez	a5,8da <iprintf+0x28>
     8d6:	8522                	mv	a0,s0
     8d8:	2315                	jal	dfc <__sinit>
     8da:	440c                	lw	a1,8(s0)
     8dc:	1054                	addi	a3,sp,36
     8de:	8626                	mv	a2,s1
     8e0:	8522                	mv	a0,s0
     8e2:	c636                	sw	a3,12(sp)
     8e4:	167000ef          	jal	ra,124a <_vfiprintf_r>
     8e8:	40f2                	lw	ra,28(sp)
     8ea:	4462                	lw	s0,24(sp)
     8ec:	44d2                	lw	s1,20(sp)
     8ee:	6121                	addi	sp,sp,64
     8f0:	8082                	ret

000008f2 <_puts_r>:
     8f2:	1101                	addi	sp,sp,-32
     8f4:	ca26                	sw	s1,20(sp)
     8f6:	c84a                	sw	s2,16(sp)
     8f8:	ce06                	sw	ra,28(sp)
     8fa:	cc22                	sw	s0,24(sp)
     8fc:	c64e                	sw	s3,12(sp)
     8fe:	c452                	sw	s4,8(sp)
     900:	84aa                	mv	s1,a0
     902:	892e                	mv	s2,a1
     904:	c501                	beqz	a0,90c <_puts_r+0x1a>
     906:	4d1c                	lw	a5,24(a0)
     908:	e391                	bnez	a5,90c <_puts_r+0x1a>
     90a:	29cd                	jal	dfc <__sinit>
     90c:	4c9c                	lw	a5,24(s1)
     90e:	4480                	lw	s0,8(s1)
     910:	e399                	bnez	a5,916 <_puts_r+0x24>
     912:	8526                	mv	a0,s1
     914:	21e5                	jal	dfc <__sinit>
     916:	00001797          	auipc	a5,0x1
     91a:	21e78793          	addi	a5,a5,542 # 1b34 <__sf_fake_stdin>
     91e:	02f41c63          	bne	s0,a5,956 <_puts_r+0x64>
     922:	40c0                	lw	s0,4(s1)
     924:	00c45783          	lhu	a5,12(s0)
     928:	8ba1                	andi	a5,a5,8
     92a:	c7b1                	beqz	a5,976 <_puts_r+0x84>
     92c:	481c                	lw	a5,16(s0)
     92e:	c7a1                	beqz	a5,976 <_puts_r+0x84>
     930:	59fd                	li	s3,-1
     932:	4a29                	li	s4,10
     934:	441c                	lw	a5,8(s0)
     936:	00094583          	lbu	a1,0(s2)
     93a:	17fd                	addi	a5,a5,-1
     93c:	e9b1                	bnez	a1,990 <_puts_r+0x9e>
     93e:	c41c                	sw	a5,8(s0)
     940:	0607de63          	bgez	a5,9bc <_puts_r+0xca>
     944:	8622                	mv	a2,s0
     946:	45a9                	li	a1,10
     948:	8526                	mv	a0,s1
     94a:	2071                	jal	9d6 <__swbuf_r>
     94c:	57fd                	li	a5,-1
     94e:	02f50863          	beq	a0,a5,97e <_puts_r+0x8c>
     952:	4529                	li	a0,10
     954:	a035                	j	980 <_puts_r+0x8e>
     956:	00001797          	auipc	a5,0x1
     95a:	1fe78793          	addi	a5,a5,510 # 1b54 <__sf_fake_stdout>
     95e:	00f41463          	bne	s0,a5,966 <_puts_r+0x74>
     962:	4480                	lw	s0,8(s1)
     964:	b7c1                	j	924 <_puts_r+0x32>
     966:	00001797          	auipc	a5,0x1
     96a:	1ae78793          	addi	a5,a5,430 # 1b14 <__sf_fake_stderr>
     96e:	faf41be3          	bne	s0,a5,924 <_puts_r+0x32>
     972:	44c0                	lw	s0,12(s1)
     974:	bf45                	j	924 <_puts_r+0x32>
     976:	85a2                	mv	a1,s0
     978:	8526                	mv	a0,s1
     97a:	2a31                	jal	a96 <__swsetup_r>
     97c:	d955                	beqz	a0,930 <_puts_r+0x3e>
     97e:	557d                	li	a0,-1
     980:	40f2                	lw	ra,28(sp)
     982:	4462                	lw	s0,24(sp)
     984:	44d2                	lw	s1,20(sp)
     986:	4942                	lw	s2,16(sp)
     988:	49b2                	lw	s3,12(sp)
     98a:	4a22                	lw	s4,8(sp)
     98c:	6105                	addi	sp,sp,32
     98e:	8082                	ret
     990:	c41c                	sw	a5,8(s0)
     992:	0905                	addi	s2,s2,1
     994:	0007d763          	bgez	a5,9a2 <_puts_r+0xb0>
     998:	4c18                	lw	a4,24(s0)
     99a:	00e7cb63          	blt	a5,a4,9b0 <_puts_r+0xbe>
     99e:	01458963          	beq	a1,s4,9b0 <_puts_r+0xbe>
     9a2:	401c                	lw	a5,0(s0)
     9a4:	00178713          	addi	a4,a5,1
     9a8:	c018                	sw	a4,0(s0)
     9aa:	00b78023          	sb	a1,0(a5)
     9ae:	b759                	j	934 <_puts_r+0x42>
     9b0:	8622                	mv	a2,s0
     9b2:	8526                	mv	a0,s1
     9b4:	200d                	jal	9d6 <__swbuf_r>
     9b6:	f7351fe3          	bne	a0,s3,934 <_puts_r+0x42>
     9ba:	b7d1                	j	97e <_puts_r+0x8c>
     9bc:	401c                	lw	a5,0(s0)
     9be:	00178713          	addi	a4,a5,1
     9c2:	c018                	sw	a4,0(s0)
     9c4:	4729                	li	a4,10
     9c6:	00e78023          	sb	a4,0(a5)
     9ca:	b761                	j	952 <_puts_r+0x60>

000009cc <puts>:
     9cc:	80c18793          	addi	a5,gp,-2036 # 2000008c <_impure_ptr>
     9d0:	85aa                	mv	a1,a0
     9d2:	4388                	lw	a0,0(a5)
     9d4:	bf39                	j	8f2 <_puts_r>

000009d6 <__swbuf_r>:
     9d6:	1101                	addi	sp,sp,-32
     9d8:	cc22                	sw	s0,24(sp)
     9da:	ca26                	sw	s1,20(sp)
     9dc:	c84a                	sw	s2,16(sp)
     9de:	ce06                	sw	ra,28(sp)
     9e0:	c64e                	sw	s3,12(sp)
     9e2:	84aa                	mv	s1,a0
     9e4:	892e                	mv	s2,a1
     9e6:	8432                	mv	s0,a2
     9e8:	c501                	beqz	a0,9f0 <__swbuf_r+0x1a>
     9ea:	4d1c                	lw	a5,24(a0)
     9ec:	e391                	bnez	a5,9f0 <__swbuf_r+0x1a>
     9ee:	2139                	jal	dfc <__sinit>
     9f0:	00001797          	auipc	a5,0x1
     9f4:	14478793          	addi	a5,a5,324 # 1b34 <__sf_fake_stdin>
     9f8:	06f41963          	bne	s0,a5,a6a <__swbuf_r+0x94>
     9fc:	40c0                	lw	s0,4(s1)
     9fe:	4c1c                	lw	a5,24(s0)
     a00:	c41c                	sw	a5,8(s0)
     a02:	00c45783          	lhu	a5,12(s0)
     a06:	8ba1                	andi	a5,a5,8
     a08:	c3c9                	beqz	a5,a8a <__swbuf_r+0xb4>
     a0a:	481c                	lw	a5,16(s0)
     a0c:	cfbd                	beqz	a5,a8a <__swbuf_r+0xb4>
     a0e:	481c                	lw	a5,16(s0)
     a10:	4008                	lw	a0,0(s0)
     a12:	0ff97993          	andi	s3,s2,255
     a16:	0ff97913          	andi	s2,s2,255
     a1a:	8d1d                	sub	a0,a0,a5
     a1c:	485c                	lw	a5,20(s0)
     a1e:	00f54663          	blt	a0,a5,a2a <__swbuf_r+0x54>
     a22:	85a2                	mv	a1,s0
     a24:	8526                	mv	a0,s1
     a26:	2c65                	jal	cde <_fflush_r>
     a28:	e52d                	bnez	a0,a92 <__swbuf_r+0xbc>
     a2a:	441c                	lw	a5,8(s0)
     a2c:	0505                	addi	a0,a0,1
     a2e:	17fd                	addi	a5,a5,-1
     a30:	c41c                	sw	a5,8(s0)
     a32:	401c                	lw	a5,0(s0)
     a34:	00178713          	addi	a4,a5,1
     a38:	c018                	sw	a4,0(s0)
     a3a:	01378023          	sb	s3,0(a5)
     a3e:	485c                	lw	a5,20(s0)
     a40:	00a78963          	beq	a5,a0,a52 <__swbuf_r+0x7c>
     a44:	00c45783          	lhu	a5,12(s0)
     a48:	8b85                	andi	a5,a5,1
     a4a:	cb81                	beqz	a5,a5a <__swbuf_r+0x84>
     a4c:	47a9                	li	a5,10
     a4e:	00f91663          	bne	s2,a5,a5a <__swbuf_r+0x84>
     a52:	85a2                	mv	a1,s0
     a54:	8526                	mv	a0,s1
     a56:	2461                	jal	cde <_fflush_r>
     a58:	ed0d                	bnez	a0,a92 <__swbuf_r+0xbc>
     a5a:	40f2                	lw	ra,28(sp)
     a5c:	4462                	lw	s0,24(sp)
     a5e:	854a                	mv	a0,s2
     a60:	44d2                	lw	s1,20(sp)
     a62:	4942                	lw	s2,16(sp)
     a64:	49b2                	lw	s3,12(sp)
     a66:	6105                	addi	sp,sp,32
     a68:	8082                	ret
     a6a:	00001797          	auipc	a5,0x1
     a6e:	0ea78793          	addi	a5,a5,234 # 1b54 <__sf_fake_stdout>
     a72:	00f41463          	bne	s0,a5,a7a <__swbuf_r+0xa4>
     a76:	4480                	lw	s0,8(s1)
     a78:	b759                	j	9fe <__swbuf_r+0x28>
     a7a:	00001797          	auipc	a5,0x1
     a7e:	09a78793          	addi	a5,a5,154 # 1b14 <__sf_fake_stderr>
     a82:	f6f41ee3          	bne	s0,a5,9fe <__swbuf_r+0x28>
     a86:	44c0                	lw	s0,12(s1)
     a88:	bf9d                	j	9fe <__swbuf_r+0x28>
     a8a:	85a2                	mv	a1,s0
     a8c:	8526                	mv	a0,s1
     a8e:	2021                	jal	a96 <__swsetup_r>
     a90:	dd3d                	beqz	a0,a0e <__swbuf_r+0x38>
     a92:	597d                	li	s2,-1
     a94:	b7d9                	j	a5a <__swbuf_r+0x84>

00000a96 <__swsetup_r>:
     a96:	1141                	addi	sp,sp,-16
     a98:	80c18793          	addi	a5,gp,-2036 # 2000008c <_impure_ptr>
     a9c:	c226                	sw	s1,4(sp)
     a9e:	4384                	lw	s1,0(a5)
     aa0:	c422                	sw	s0,8(sp)
     aa2:	c04a                	sw	s2,0(sp)
     aa4:	c606                	sw	ra,12(sp)
     aa6:	892a                	mv	s2,a0
     aa8:	842e                	mv	s0,a1
     aaa:	c489                	beqz	s1,ab4 <__swsetup_r+0x1e>
     aac:	4c9c                	lw	a5,24(s1)
     aae:	e399                	bnez	a5,ab4 <__swsetup_r+0x1e>
     ab0:	8526                	mv	a0,s1
     ab2:	26a9                	jal	dfc <__sinit>
     ab4:	00001797          	auipc	a5,0x1
     ab8:	08078793          	addi	a5,a5,128 # 1b34 <__sf_fake_stdin>
     abc:	02f41c63          	bne	s0,a5,af4 <__swsetup_r+0x5e>
     ac0:	40c0                	lw	s0,4(s1)
     ac2:	00c41703          	lh	a4,12(s0)
     ac6:	01071793          	slli	a5,a4,0x10
     aca:	83c1                	srli	a5,a5,0x10
     acc:	0087f693          	andi	a3,a5,8
     ad0:	eeb5                	bnez	a3,b4c <__swsetup_r+0xb6>
     ad2:	0107f693          	andi	a3,a5,16
     ad6:	ee9d                	bnez	a3,b14 <__swsetup_r+0x7e>
     ad8:	47a5                	li	a5,9
     ada:	00f92023          	sw	a5,0(s2)
     ade:	04076713          	ori	a4,a4,64
     ae2:	00e41623          	sh	a4,12(s0)
     ae6:	557d                	li	a0,-1
     ae8:	40b2                	lw	ra,12(sp)
     aea:	4422                	lw	s0,8(sp)
     aec:	4492                	lw	s1,4(sp)
     aee:	4902                	lw	s2,0(sp)
     af0:	0141                	addi	sp,sp,16
     af2:	8082                	ret
     af4:	00001797          	auipc	a5,0x1
     af8:	06078793          	addi	a5,a5,96 # 1b54 <__sf_fake_stdout>
     afc:	00f41463          	bne	s0,a5,b04 <__swsetup_r+0x6e>
     b00:	4480                	lw	s0,8(s1)
     b02:	b7c1                	j	ac2 <__swsetup_r+0x2c>
     b04:	00001797          	auipc	a5,0x1
     b08:	01078793          	addi	a5,a5,16 # 1b14 <__sf_fake_stderr>
     b0c:	faf41be3          	bne	s0,a5,ac2 <__swsetup_r+0x2c>
     b10:	44c0                	lw	s0,12(s1)
     b12:	bf45                	j	ac2 <__swsetup_r+0x2c>
     b14:	8b91                	andi	a5,a5,4
     b16:	c78d                	beqz	a5,b40 <__swsetup_r+0xaa>
     b18:	584c                	lw	a1,52(s0)
     b1a:	c989                	beqz	a1,b2c <__swsetup_r+0x96>
     b1c:	04440793          	addi	a5,s0,68
     b20:	00f58463          	beq	a1,a5,b28 <__swsetup_r+0x92>
     b24:	854a                	mv	a0,s2
     b26:	2b35                	jal	1062 <_free_r>
     b28:	02042a23          	sw	zero,52(s0)
     b2c:	00c45783          	lhu	a5,12(s0)
     b30:	00042223          	sw	zero,4(s0)
     b34:	fdb7f793          	andi	a5,a5,-37
     b38:	00f41623          	sh	a5,12(s0)
     b3c:	481c                	lw	a5,16(s0)
     b3e:	c01c                	sw	a5,0(s0)
     b40:	00c45783          	lhu	a5,12(s0)
     b44:	0087e793          	ori	a5,a5,8
     b48:	00f41623          	sh	a5,12(s0)
     b4c:	481c                	lw	a5,16(s0)
     b4e:	ef81                	bnez	a5,b66 <__swsetup_r+0xd0>
     b50:	00c45783          	lhu	a5,12(s0)
     b54:	20000713          	li	a4,512
     b58:	2807f793          	andi	a5,a5,640
     b5c:	00e78563          	beq	a5,a4,b66 <__swsetup_r+0xd0>
     b60:	85a2                	mv	a1,s0
     b62:	854a                	mv	a0,s2
     b64:	2185                	jal	fc4 <__smakebuf_r>
     b66:	00c45783          	lhu	a5,12(s0)
     b6a:	0017f713          	andi	a4,a5,1
     b6e:	c705                	beqz	a4,b96 <__swsetup_r+0x100>
     b70:	485c                	lw	a5,20(s0)
     b72:	00042423          	sw	zero,8(s0)
     b76:	40f007b3          	neg	a5,a5
     b7a:	cc1c                	sw	a5,24(s0)
     b7c:	481c                	lw	a5,16(s0)
     b7e:	4501                	li	a0,0
     b80:	f7a5                	bnez	a5,ae8 <__swsetup_r+0x52>
     b82:	00c41783          	lh	a5,12(s0)
     b86:	0807f713          	andi	a4,a5,128
     b8a:	df39                	beqz	a4,ae8 <__swsetup_r+0x52>
     b8c:	0407e793          	ori	a5,a5,64
     b90:	00f41623          	sh	a5,12(s0)
     b94:	bf89                	j	ae6 <__swsetup_r+0x50>
     b96:	8b89                	andi	a5,a5,2
     b98:	4701                	li	a4,0
     b9a:	e391                	bnez	a5,b9e <__swsetup_r+0x108>
     b9c:	4858                	lw	a4,20(s0)
     b9e:	c418                	sw	a4,8(s0)
     ba0:	bff1                	j	b7c <__swsetup_r+0xe6>

00000ba2 <__sflush_r>:
     ba2:	00c5d783          	lhu	a5,12(a1)
     ba6:	1101                	addi	sp,sp,-32
     ba8:	cc22                	sw	s0,24(sp)
     baa:	ca26                	sw	s1,20(sp)
     bac:	ce06                	sw	ra,28(sp)
     bae:	c84a                	sw	s2,16(sp)
     bb0:	c64e                	sw	s3,12(sp)
     bb2:	0087f713          	andi	a4,a5,8
     bb6:	84aa                	mv	s1,a0
     bb8:	842e                	mv	s0,a1
     bba:	ef71                	bnez	a4,c96 <__sflush_r+0xf4>
     bbc:	41d8                	lw	a4,4(a1)
     bbe:	00e04d63          	bgtz	a4,bd8 <__sflush_r+0x36>
     bc2:	41b8                	lw	a4,64(a1)
     bc4:	00e04a63          	bgtz	a4,bd8 <__sflush_r+0x36>
     bc8:	4501                	li	a0,0
     bca:	40f2                	lw	ra,28(sp)
     bcc:	4462                	lw	s0,24(sp)
     bce:	44d2                	lw	s1,20(sp)
     bd0:	4942                	lw	s2,16(sp)
     bd2:	49b2                	lw	s3,12(sp)
     bd4:	6105                	addi	sp,sp,32
     bd6:	8082                	ret
     bd8:	5458                	lw	a4,44(s0)
     bda:	d77d                	beqz	a4,bc8 <__sflush_r+0x26>
     bdc:	0004a903          	lw	s2,0(s1)
     be0:	01379693          	slli	a3,a5,0x13
     be4:	0004a023          	sw	zero,0(s1)
     be8:	0606dd63          	bgez	a3,c62 <__sflush_r+0xc0>
     bec:	4870                	lw	a2,84(s0)
     bee:	00c45783          	lhu	a5,12(s0)
     bf2:	8b91                	andi	a5,a5,4
     bf4:	c799                	beqz	a5,c02 <__sflush_r+0x60>
     bf6:	405c                	lw	a5,4(s0)
     bf8:	8e1d                	sub	a2,a2,a5
     bfa:	585c                	lw	a5,52(s0)
     bfc:	c399                	beqz	a5,c02 <__sflush_r+0x60>
     bfe:	403c                	lw	a5,64(s0)
     c00:	8e1d                	sub	a2,a2,a5
     c02:	545c                	lw	a5,44(s0)
     c04:	500c                	lw	a1,32(s0)
     c06:	4681                	li	a3,0
     c08:	8526                	mv	a0,s1
     c0a:	9782                	jalr	a5
     c0c:	57fd                	li	a5,-1
     c0e:	00c45703          	lhu	a4,12(s0)
     c12:	00f51d63          	bne	a0,a5,c2c <__sflush_r+0x8a>
     c16:	4094                	lw	a3,0(s1)
     c18:	47f5                	li	a5,29
     c1a:	06d7e863          	bltu	a5,a3,c8a <__sflush_r+0xe8>
     c1e:	204007b7          	lui	a5,0x20400
     c22:	0785                	addi	a5,a5,1
     c24:	00d7d7b3          	srl	a5,a5,a3
     c28:	8b85                	andi	a5,a5,1
     c2a:	c3a5                	beqz	a5,c8a <__sflush_r+0xe8>
     c2c:	481c                	lw	a5,16(s0)
     c2e:	00042223          	sw	zero,4(s0)
     c32:	c01c                	sw	a5,0(s0)
     c34:	01371793          	slli	a5,a4,0x13
     c38:	0007d863          	bgez	a5,c48 <__sflush_r+0xa6>
     c3c:	57fd                	li	a5,-1
     c3e:	00f51463          	bne	a0,a5,c46 <__sflush_r+0xa4>
     c42:	409c                	lw	a5,0(s1)
     c44:	e391                	bnez	a5,c48 <__sflush_r+0xa6>
     c46:	c868                	sw	a0,84(s0)
     c48:	584c                	lw	a1,52(s0)
     c4a:	0124a023          	sw	s2,0(s1)
     c4e:	ddad                	beqz	a1,bc8 <__sflush_r+0x26>
     c50:	04440793          	addi	a5,s0,68
     c54:	00f58463          	beq	a1,a5,c5c <__sflush_r+0xba>
     c58:	8526                	mv	a0,s1
     c5a:	2121                	jal	1062 <_free_r>
     c5c:	02042a23          	sw	zero,52(s0)
     c60:	b7a5                	j	bc8 <__sflush_r+0x26>
     c62:	500c                	lw	a1,32(s0)
     c64:	4601                	li	a2,0
     c66:	4685                	li	a3,1
     c68:	8526                	mv	a0,s1
     c6a:	9702                	jalr	a4
     c6c:	57fd                	li	a5,-1
     c6e:	862a                	mv	a2,a0
     c70:	f6f51fe3          	bne	a0,a5,bee <__sflush_r+0x4c>
     c74:	409c                	lw	a5,0(s1)
     c76:	dfa5                	beqz	a5,bee <__sflush_r+0x4c>
     c78:	4775                	li	a4,29
     c7a:	00e78563          	beq	a5,a4,c84 <__sflush_r+0xe2>
     c7e:	4759                	li	a4,22
     c80:	04e79463          	bne	a5,a4,cc8 <__sflush_r+0x126>
     c84:	0124a023          	sw	s2,0(s1)
     c88:	b781                	j	bc8 <__sflush_r+0x26>
     c8a:	04076713          	ori	a4,a4,64
     c8e:	00e41623          	sh	a4,12(s0)
     c92:	557d                	li	a0,-1
     c94:	bf1d                	j	bca <__sflush_r+0x28>
     c96:	0105a983          	lw	s3,16(a1)
     c9a:	f20987e3          	beqz	s3,bc8 <__sflush_r+0x26>
     c9e:	0005a903          	lw	s2,0(a1)
     ca2:	8b8d                	andi	a5,a5,3
     ca4:	0135a023          	sw	s3,0(a1)
     ca8:	41390933          	sub	s2,s2,s3
     cac:	4701                	li	a4,0
     cae:	e391                	bnez	a5,cb2 <__sflush_r+0x110>
     cb0:	49d8                	lw	a4,20(a1)
     cb2:	c418                	sw	a4,8(s0)
     cb4:	f1205ae3          	blez	s2,bc8 <__sflush_r+0x26>
     cb8:	541c                	lw	a5,40(s0)
     cba:	500c                	lw	a1,32(s0)
     cbc:	86ca                	mv	a3,s2
     cbe:	864e                	mv	a2,s3
     cc0:	8526                	mv	a0,s1
     cc2:	9782                	jalr	a5
     cc4:	00a04963          	bgtz	a0,cd6 <__sflush_r+0x134>
     cc8:	00c45783          	lhu	a5,12(s0)
     ccc:	0407e793          	ori	a5,a5,64
     cd0:	00f41623          	sh	a5,12(s0)
     cd4:	bf7d                	j	c92 <__sflush_r+0xf0>
     cd6:	99aa                	add	s3,s3,a0
     cd8:	40a90933          	sub	s2,s2,a0
     cdc:	bfe1                	j	cb4 <__sflush_r+0x112>

00000cde <_fflush_r>:
     cde:	499c                	lw	a5,16(a1)
     ce0:	cfb9                	beqz	a5,d3e <_fflush_r+0x60>
     ce2:	1101                	addi	sp,sp,-32
     ce4:	cc22                	sw	s0,24(sp)
     ce6:	ce06                	sw	ra,28(sp)
     ce8:	842a                	mv	s0,a0
     cea:	c511                	beqz	a0,cf6 <_fflush_r+0x18>
     cec:	4d1c                	lw	a5,24(a0)
     cee:	e781                	bnez	a5,cf6 <_fflush_r+0x18>
     cf0:	c62e                	sw	a1,12(sp)
     cf2:	2229                	jal	dfc <__sinit>
     cf4:	45b2                	lw	a1,12(sp)
     cf6:	00001797          	auipc	a5,0x1
     cfa:	e3e78793          	addi	a5,a5,-450 # 1b34 <__sf_fake_stdin>
     cfe:	00f59b63          	bne	a1,a5,d14 <_fflush_r+0x36>
     d02:	404c                	lw	a1,4(s0)
     d04:	00c59783          	lh	a5,12(a1)
     d08:	c795                	beqz	a5,d34 <_fflush_r+0x56>
     d0a:	8522                	mv	a0,s0
     d0c:	4462                	lw	s0,24(sp)
     d0e:	40f2                	lw	ra,28(sp)
     d10:	6105                	addi	sp,sp,32
     d12:	bd41                	j	ba2 <__sflush_r>
     d14:	00001797          	auipc	a5,0x1
     d18:	e4078793          	addi	a5,a5,-448 # 1b54 <__sf_fake_stdout>
     d1c:	00f59463          	bne	a1,a5,d24 <_fflush_r+0x46>
     d20:	440c                	lw	a1,8(s0)
     d22:	b7cd                	j	d04 <_fflush_r+0x26>
     d24:	00001797          	auipc	a5,0x1
     d28:	df078793          	addi	a5,a5,-528 # 1b14 <__sf_fake_stderr>
     d2c:	fcf59ce3          	bne	a1,a5,d04 <_fflush_r+0x26>
     d30:	444c                	lw	a1,12(s0)
     d32:	bfc9                	j	d04 <_fflush_r+0x26>
     d34:	40f2                	lw	ra,28(sp)
     d36:	4462                	lw	s0,24(sp)
     d38:	4501                	li	a0,0
     d3a:	6105                	addi	sp,sp,32
     d3c:	8082                	ret
     d3e:	4501                	li	a0,0
     d40:	8082                	ret

00000d42 <std>:
     d42:	1141                	addi	sp,sp,-16
     d44:	c422                	sw	s0,8(sp)
     d46:	c606                	sw	ra,12(sp)
     d48:	842a                	mv	s0,a0
     d4a:	00b51623          	sh	a1,12(a0)
     d4e:	00c51723          	sh	a2,14(a0)
     d52:	00052023          	sw	zero,0(a0)
     d56:	00052223          	sw	zero,4(a0)
     d5a:	00052423          	sw	zero,8(a0)
     d5e:	06052223          	sw	zero,100(a0)
     d62:	00052823          	sw	zero,16(a0)
     d66:	00052a23          	sw	zero,20(a0)
     d6a:	00052c23          	sw	zero,24(a0)
     d6e:	4621                	li	a2,8
     d70:	4581                	li	a1,0
     d72:	05c50513          	addi	a0,a0,92
     d76:	c2aff0ef          	jal	ra,1a0 <memset>
     d7a:	00001797          	auipc	a5,0x1
     d7e:	b4678793          	addi	a5,a5,-1210 # 18c0 <__sread>
     d82:	d05c                	sw	a5,36(s0)
     d84:	00001797          	auipc	a5,0x1
     d88:	b6c78793          	addi	a5,a5,-1172 # 18f0 <__swrite>
     d8c:	d41c                	sw	a5,40(s0)
     d8e:	00001797          	auipc	a5,0x1
     d92:	bb078793          	addi	a5,a5,-1104 # 193e <__sseek>
     d96:	d45c                	sw	a5,44(s0)
     d98:	00001797          	auipc	a5,0x1
     d9c:	bdc78793          	addi	a5,a5,-1060 # 1974 <__sclose>
     da0:	d000                	sw	s0,32(s0)
     da2:	d81c                	sw	a5,48(s0)
     da4:	40b2                	lw	ra,12(sp)
     da6:	4422                	lw	s0,8(sp)
     da8:	0141                	addi	sp,sp,16
     daa:	8082                	ret

00000dac <_cleanup_r>:
     dac:	00000597          	auipc	a1,0x0
     db0:	f3258593          	addi	a1,a1,-206 # cde <_fflush_r>
     db4:	a2a9                	j	efe <_fwalk_reent>

00000db6 <__sfmoreglue>:
     db6:	1141                	addi	sp,sp,-16
     db8:	c226                	sw	s1,4(sp)
     dba:	06800613          	li	a2,104
     dbe:	fff58493          	addi	s1,a1,-1
     dc2:	02c484b3          	mul	s1,s1,a2
     dc6:	c04a                	sw	s2,0(sp)
     dc8:	892e                	mv	s2,a1
     dca:	c422                	sw	s0,8(sp)
     dcc:	c606                	sw	ra,12(sp)
     dce:	07448593          	addi	a1,s1,116
     dd2:	2e25                	jal	110a <_malloc_r>
     dd4:	842a                	mv	s0,a0
     dd6:	cd01                	beqz	a0,dee <__sfmoreglue+0x38>
     dd8:	00052023          	sw	zero,0(a0)
     ddc:	01252223          	sw	s2,4(a0)
     de0:	0531                	addi	a0,a0,12
     de2:	c408                	sw	a0,8(s0)
     de4:	06848613          	addi	a2,s1,104
     de8:	4581                	li	a1,0
     dea:	bb6ff0ef          	jal	ra,1a0 <memset>
     dee:	8522                	mv	a0,s0
     df0:	40b2                	lw	ra,12(sp)
     df2:	4422                	lw	s0,8(sp)
     df4:	4492                	lw	s1,4(sp)
     df6:	4902                	lw	s2,0(sp)
     df8:	0141                	addi	sp,sp,16
     dfa:	8082                	ret

00000dfc <__sinit>:
     dfc:	4d1c                	lw	a5,24(a0)
     dfe:	e3ad                	bnez	a5,e60 <__sinit+0x64>
     e00:	1141                	addi	sp,sp,-16
     e02:	c606                	sw	ra,12(sp)
     e04:	c422                	sw	s0,8(sp)
     e06:	00000797          	auipc	a5,0x0
     e0a:	fa678793          	addi	a5,a5,-90 # dac <_cleanup_r>
     e0e:	d51c                	sw	a5,40(a0)
     e10:	81018793          	addi	a5,gp,-2032 # 20000090 <_global_impure_ptr>
     e14:	439c                	lw	a5,0(a5)
     e16:	04052423          	sw	zero,72(a0)
     e1a:	04052623          	sw	zero,76(a0)
     e1e:	04052823          	sw	zero,80(a0)
     e22:	00f51463          	bne	a0,a5,e2a <__sinit+0x2e>
     e26:	4785                	li	a5,1
     e28:	cd1c                	sw	a5,24(a0)
     e2a:	842a                	mv	s0,a0
     e2c:	281d                	jal	e62 <__sfp>
     e2e:	c048                	sw	a0,4(s0)
     e30:	8522                	mv	a0,s0
     e32:	2805                	jal	e62 <__sfp>
     e34:	c408                	sw	a0,8(s0)
     e36:	8522                	mv	a0,s0
     e38:	202d                	jal	e62 <__sfp>
     e3a:	c448                	sw	a0,12(s0)
     e3c:	4048                	lw	a0,4(s0)
     e3e:	4601                	li	a2,0
     e40:	4591                	li	a1,4
     e42:	3701                	jal	d42 <std>
     e44:	4408                	lw	a0,8(s0)
     e46:	4605                	li	a2,1
     e48:	45a5                	li	a1,9
     e4a:	3de5                	jal	d42 <std>
     e4c:	4448                	lw	a0,12(s0)
     e4e:	4609                	li	a2,2
     e50:	45c9                	li	a1,18
     e52:	3dc5                	jal	d42 <std>
     e54:	4785                	li	a5,1
     e56:	cc1c                	sw	a5,24(s0)
     e58:	40b2                	lw	ra,12(sp)
     e5a:	4422                	lw	s0,8(sp)
     e5c:	0141                	addi	sp,sp,16
     e5e:	8082                	ret
     e60:	8082                	ret

00000e62 <__sfp>:
     e62:	1141                	addi	sp,sp,-16
     e64:	81018793          	addi	a5,gp,-2032 # 20000090 <_global_impure_ptr>
     e68:	c226                	sw	s1,4(sp)
     e6a:	4384                	lw	s1,0(a5)
     e6c:	c04a                	sw	s2,0(sp)
     e6e:	c606                	sw	ra,12(sp)
     e70:	4c9c                	lw	a5,24(s1)
     e72:	c422                	sw	s0,8(sp)
     e74:	892a                	mv	s2,a0
     e76:	e399                	bnez	a5,e7c <__sfp+0x1a>
     e78:	8526                	mv	a0,s1
     e7a:	3749                	jal	dfc <__sinit>
     e7c:	04848493          	addi	s1,s1,72
     e80:	4480                	lw	s0,8(s1)
     e82:	40dc                	lw	a5,4(s1)
     e84:	17fd                	addi	a5,a5,-1
     e86:	0007d663          	bgez	a5,e92 <__sfp+0x30>
     e8a:	409c                	lw	a5,0(s1)
     e8c:	cfb9                	beqz	a5,eea <__sfp+0x88>
     e8e:	4084                	lw	s1,0(s1)
     e90:	bfc5                	j	e80 <__sfp+0x1e>
     e92:	00c41703          	lh	a4,12(s0)
     e96:	e739                	bnez	a4,ee4 <__sfp+0x82>
     e98:	77c1                	lui	a5,0xffff0
     e9a:	0785                	addi	a5,a5,1
     e9c:	06042223          	sw	zero,100(s0)
     ea0:	00042023          	sw	zero,0(s0)
     ea4:	00042223          	sw	zero,4(s0)
     ea8:	00042423          	sw	zero,8(s0)
     eac:	c45c                	sw	a5,12(s0)
     eae:	00042823          	sw	zero,16(s0)
     eb2:	00042a23          	sw	zero,20(s0)
     eb6:	00042c23          	sw	zero,24(s0)
     eba:	4621                	li	a2,8
     ebc:	4581                	li	a1,0
     ebe:	05c40513          	addi	a0,s0,92
     ec2:	adeff0ef          	jal	ra,1a0 <memset>
     ec6:	02042a23          	sw	zero,52(s0)
     eca:	02042c23          	sw	zero,56(s0)
     ece:	04042423          	sw	zero,72(s0)
     ed2:	04042623          	sw	zero,76(s0)
     ed6:	8522                	mv	a0,s0
     ed8:	40b2                	lw	ra,12(sp)
     eda:	4422                	lw	s0,8(sp)
     edc:	4492                	lw	s1,4(sp)
     ede:	4902                	lw	s2,0(sp)
     ee0:	0141                	addi	sp,sp,16
     ee2:	8082                	ret
     ee4:	06840413          	addi	s0,s0,104
     ee8:	bf71                	j	e84 <__sfp+0x22>
     eea:	4591                	li	a1,4
     eec:	854a                	mv	a0,s2
     eee:	35e1                	jal	db6 <__sfmoreglue>
     ef0:	c088                	sw	a0,0(s1)
     ef2:	fd51                	bnez	a0,e8e <__sfp+0x2c>
     ef4:	47b1                	li	a5,12
     ef6:	00f92023          	sw	a5,0(s2)
     efa:	4401                	li	s0,0
     efc:	bfe9                	j	ed6 <__sfp+0x74>

00000efe <_fwalk_reent>:
     efe:	7179                	addi	sp,sp,-48
     f00:	d422                	sw	s0,40(sp)
     f02:	d04a                	sw	s2,32(sp)
     f04:	cc52                	sw	s4,24(sp)
     f06:	ca56                	sw	s5,20(sp)
     f08:	c85a                	sw	s6,16(sp)
     f0a:	c65e                	sw	s7,12(sp)
     f0c:	d606                	sw	ra,44(sp)
     f0e:	d226                	sw	s1,36(sp)
     f10:	ce4e                	sw	s3,28(sp)
     f12:	8a2a                	mv	s4,a0
     f14:	8aae                	mv	s5,a1
     f16:	04850413          	addi	s0,a0,72
     f1a:	4901                	li	s2,0
     f1c:	4b05                	li	s6,1
     f1e:	5bfd                	li	s7,-1
     f20:	ec09                	bnez	s0,f3a <_fwalk_reent+0x3c>
     f22:	50b2                	lw	ra,44(sp)
     f24:	5422                	lw	s0,40(sp)
     f26:	854a                	mv	a0,s2
     f28:	5492                	lw	s1,36(sp)
     f2a:	5902                	lw	s2,32(sp)
     f2c:	49f2                	lw	s3,28(sp)
     f2e:	4a62                	lw	s4,24(sp)
     f30:	4ad2                	lw	s5,20(sp)
     f32:	4b42                	lw	s6,16(sp)
     f34:	4bb2                	lw	s7,12(sp)
     f36:	6145                	addi	sp,sp,48
     f38:	8082                	ret
     f3a:	4404                	lw	s1,8(s0)
     f3c:	00442983          	lw	s3,4(s0)
     f40:	19fd                	addi	s3,s3,-1
     f42:	0009d463          	bgez	s3,f4a <_fwalk_reent+0x4c>
     f46:	4000                	lw	s0,0(s0)
     f48:	bfe1                	j	f20 <_fwalk_reent+0x22>
     f4a:	00c4d783          	lhu	a5,12(s1)
     f4e:	00fb7b63          	bgeu	s6,a5,f64 <_fwalk_reent+0x66>
     f52:	00e49783          	lh	a5,14(s1)
     f56:	01778763          	beq	a5,s7,f64 <_fwalk_reent+0x66>
     f5a:	85a6                	mv	a1,s1
     f5c:	8552                	mv	a0,s4
     f5e:	9a82                	jalr	s5
     f60:	00a96933          	or	s2,s2,a0
     f64:	06848493          	addi	s1,s1,104
     f68:	bfe1                	j	f40 <_fwalk_reent+0x42>

00000f6a <__swhatbuf_r>:
     f6a:	7119                	addi	sp,sp,-128
     f6c:	daa6                	sw	s1,116(sp)
     f6e:	84ae                	mv	s1,a1
     f70:	00e59583          	lh	a1,14(a1)
     f74:	dca2                	sw	s0,120(sp)
     f76:	de86                	sw	ra,124(sp)
     f78:	8432                	mv	s0,a2
     f7a:	0005dc63          	bgez	a1,f92 <__swhatbuf_r+0x28>
     f7e:	00c4d783          	lhu	a5,12(s1)
     f82:	0006a023          	sw	zero,0(a3)
     f86:	0807f793          	andi	a5,a5,128
     f8a:	e785                	bnez	a5,fb2 <__swhatbuf_r+0x48>
     f8c:	40000793          	li	a5,1024
     f90:	a01d                	j	fb6 <__swhatbuf_r+0x4c>
     f92:	0830                	addi	a2,sp,24
     f94:	c636                	sw	a3,12(sp)
     f96:	23b000ef          	jal	ra,19d0 <_fstat_r>
     f9a:	46b2                	lw	a3,12(sp)
     f9c:	fe0541e3          	bltz	a0,f7e <__swhatbuf_r+0x14>
     fa0:	4772                	lw	a4,28(sp)
     fa2:	67bd                	lui	a5,0xf
     fa4:	8ff9                	and	a5,a5,a4
     fa6:	7779                	lui	a4,0xffffe
     fa8:	97ba                	add	a5,a5,a4
     faa:	0017b793          	seqz	a5,a5
     fae:	c29c                	sw	a5,0(a3)
     fb0:	bff1                	j	f8c <__swhatbuf_r+0x22>
     fb2:	04000793          	li	a5,64
     fb6:	c01c                	sw	a5,0(s0)
     fb8:	50f6                	lw	ra,124(sp)
     fba:	5466                	lw	s0,120(sp)
     fbc:	54d6                	lw	s1,116(sp)
     fbe:	4501                	li	a0,0
     fc0:	6109                	addi	sp,sp,128
     fc2:	8082                	ret

00000fc4 <__smakebuf_r>:
     fc4:	00c5d783          	lhu	a5,12(a1)
     fc8:	1101                	addi	sp,sp,-32
     fca:	cc22                	sw	s0,24(sp)
     fcc:	ce06                	sw	ra,28(sp)
     fce:	ca26                	sw	s1,20(sp)
     fd0:	c84a                	sw	s2,16(sp)
     fd2:	8b89                	andi	a5,a5,2
     fd4:	842e                	mv	s0,a1
     fd6:	cf89                	beqz	a5,ff0 <__smakebuf_r+0x2c>
     fd8:	04740793          	addi	a5,s0,71
     fdc:	c01c                	sw	a5,0(s0)
     fde:	c81c                	sw	a5,16(s0)
     fe0:	4785                	li	a5,1
     fe2:	c85c                	sw	a5,20(s0)
     fe4:	40f2                	lw	ra,28(sp)
     fe6:	4462                	lw	s0,24(sp)
     fe8:	44d2                	lw	s1,20(sp)
     fea:	4942                	lw	s2,16(sp)
     fec:	6105                	addi	sp,sp,32
     fee:	8082                	ret
     ff0:	0074                	addi	a3,sp,12
     ff2:	0030                	addi	a2,sp,8
     ff4:	84aa                	mv	s1,a0
     ff6:	3f95                	jal	f6a <__swhatbuf_r>
     ff8:	45a2                	lw	a1,8(sp)
     ffa:	892a                	mv	s2,a0
     ffc:	8526                	mv	a0,s1
     ffe:	2231                	jal	110a <_malloc_r>
    1000:	ed01                	bnez	a0,1018 <__smakebuf_r+0x54>
    1002:	00c41783          	lh	a5,12(s0)
    1006:	2007f713          	andi	a4,a5,512
    100a:	ff69                	bnez	a4,fe4 <__smakebuf_r+0x20>
    100c:	9bf1                	andi	a5,a5,-4
    100e:	0027e793          	ori	a5,a5,2
    1012:	00f41623          	sh	a5,12(s0)
    1016:	b7c9                	j	fd8 <__smakebuf_r+0x14>
    1018:	00000797          	auipc	a5,0x0
    101c:	d9478793          	addi	a5,a5,-620 # dac <_cleanup_r>
    1020:	d49c                	sw	a5,40(s1)
    1022:	00c45783          	lhu	a5,12(s0)
    1026:	c008                	sw	a0,0(s0)
    1028:	c808                	sw	a0,16(s0)
    102a:	0807e793          	ori	a5,a5,128
    102e:	00f41623          	sh	a5,12(s0)
    1032:	47a2                	lw	a5,8(sp)
    1034:	c85c                	sw	a5,20(s0)
    1036:	47b2                	lw	a5,12(sp)
    1038:	cf91                	beqz	a5,1054 <__smakebuf_r+0x90>
    103a:	00e41583          	lh	a1,14(s0)
    103e:	8526                	mv	a0,s1
    1040:	1bb000ef          	jal	ra,19fa <_isatty_r>
    1044:	c901                	beqz	a0,1054 <__smakebuf_r+0x90>
    1046:	00c45783          	lhu	a5,12(s0)
    104a:	9bf1                	andi	a5,a5,-4
    104c:	0017e793          	ori	a5,a5,1
    1050:	00f41623          	sh	a5,12(s0)
    1054:	00c45783          	lhu	a5,12(s0)
    1058:	00f96933          	or	s2,s2,a5
    105c:	01241623          	sh	s2,12(s0)
    1060:	b751                	j	fe4 <__smakebuf_r+0x20>

00001062 <_free_r>:
    1062:	c1dd                	beqz	a1,1108 <_free_r+0xa6>
    1064:	ffc5a783          	lw	a5,-4(a1)
    1068:	1141                	addi	sp,sp,-16
    106a:	c422                	sw	s0,8(sp)
    106c:	c606                	sw	ra,12(sp)
    106e:	c226                	sw	s1,4(sp)
    1070:	ffc58413          	addi	s0,a1,-4
    1074:	0007d363          	bgez	a5,107a <_free_r+0x18>
    1078:	943e                	add	s0,s0,a5
    107a:	84aa                	mv	s1,a0
    107c:	1ed000ef          	jal	ra,1a68 <__malloc_lock>
    1080:	82018793          	addi	a5,gp,-2016 # 200000a0 <__malloc_free_list>
    1084:	439c                	lw	a5,0(a5)
    1086:	ef81                	bnez	a5,109e <_free_r+0x3c>
    1088:	00042223          	sw	zero,4(s0)
    108c:	8281a023          	sw	s0,-2016(gp) # 200000a0 <__malloc_free_list>
    1090:	4422                	lw	s0,8(sp)
    1092:	40b2                	lw	ra,12(sp)
    1094:	8526                	mv	a0,s1
    1096:	4492                	lw	s1,4(sp)
    1098:	0141                	addi	sp,sp,16
    109a:	1d10006f          	j	1a6a <__malloc_unlock>
    109e:	00f47e63          	bgeu	s0,a5,10ba <_free_r+0x58>
    10a2:	4014                	lw	a3,0(s0)
    10a4:	00d40733          	add	a4,s0,a3
    10a8:	00e79663          	bne	a5,a4,10b4 <_free_r+0x52>
    10ac:	4398                	lw	a4,0(a5)
    10ae:	43dc                	lw	a5,4(a5)
    10b0:	9736                	add	a4,a4,a3
    10b2:	c018                	sw	a4,0(s0)
    10b4:	c05c                	sw	a5,4(s0)
    10b6:	bfd9                	j	108c <_free_r+0x2a>
    10b8:	87ba                	mv	a5,a4
    10ba:	43d8                	lw	a4,4(a5)
    10bc:	c319                	beqz	a4,10c2 <_free_r+0x60>
    10be:	fee47de3          	bgeu	s0,a4,10b8 <_free_r+0x56>
    10c2:	4394                	lw	a3,0(a5)
    10c4:	00d78633          	add	a2,a5,a3
    10c8:	00861f63          	bne	a2,s0,10e6 <_free_r+0x84>
    10cc:	4010                	lw	a2,0(s0)
    10ce:	96b2                	add	a3,a3,a2
    10d0:	c394                	sw	a3,0(a5)
    10d2:	00d78633          	add	a2,a5,a3
    10d6:	fac71de3          	bne	a4,a2,1090 <_free_r+0x2e>
    10da:	4310                	lw	a2,0(a4)
    10dc:	4358                	lw	a4,4(a4)
    10de:	96b2                	add	a3,a3,a2
    10e0:	c394                	sw	a3,0(a5)
    10e2:	c3d8                	sw	a4,4(a5)
    10e4:	b775                	j	1090 <_free_r+0x2e>
    10e6:	00c47563          	bgeu	s0,a2,10f0 <_free_r+0x8e>
    10ea:	47b1                	li	a5,12
    10ec:	c09c                	sw	a5,0(s1)
    10ee:	b74d                	j	1090 <_free_r+0x2e>
    10f0:	4010                	lw	a2,0(s0)
    10f2:	00c406b3          	add	a3,s0,a2
    10f6:	00d71663          	bne	a4,a3,1102 <_free_r+0xa0>
    10fa:	4314                	lw	a3,0(a4)
    10fc:	4358                	lw	a4,4(a4)
    10fe:	96b2                	add	a3,a3,a2
    1100:	c014                	sw	a3,0(s0)
    1102:	c058                	sw	a4,4(s0)
    1104:	c3c0                	sw	s0,4(a5)
    1106:	b769                	j	1090 <_free_r+0x2e>
    1108:	8082                	ret

0000110a <_malloc_r>:
    110a:	1101                	addi	sp,sp,-32
    110c:	ca26                	sw	s1,20(sp)
    110e:	00358493          	addi	s1,a1,3
    1112:	98f1                	andi	s1,s1,-4
    1114:	ce06                	sw	ra,28(sp)
    1116:	cc22                	sw	s0,24(sp)
    1118:	c84a                	sw	s2,16(sp)
    111a:	c64e                	sw	s3,12(sp)
    111c:	04a1                	addi	s1,s1,8
    111e:	47b1                	li	a5,12
    1120:	04f4f363          	bgeu	s1,a5,1166 <_malloc_r+0x5c>
    1124:	44b1                	li	s1,12
    1126:	04b4e263          	bltu	s1,a1,116a <_malloc_r+0x60>
    112a:	892a                	mv	s2,a0
    112c:	13d000ef          	jal	ra,1a68 <__malloc_lock>
    1130:	82018793          	addi	a5,gp,-2016 # 200000a0 <__malloc_free_list>
    1134:	4398                	lw	a4,0(a5)
    1136:	843a                	mv	s0,a4
    1138:	e039                	bnez	s0,117e <_malloc_r+0x74>
    113a:	82418793          	addi	a5,gp,-2012 # 200000a4 <__malloc_sbrk_start>
    113e:	439c                	lw	a5,0(a5)
    1140:	e791                	bnez	a5,114c <_malloc_r+0x42>
    1142:	4581                	li	a1,0
    1144:	854a                	mv	a0,s2
    1146:	2f81                	jal	1896 <_sbrk_r>
    1148:	82a1a223          	sw	a0,-2012(gp) # 200000a4 <__malloc_sbrk_start>
    114c:	85a6                	mv	a1,s1
    114e:	854a                	mv	a0,s2
    1150:	2799                	jal	1896 <_sbrk_r>
    1152:	59fd                	li	s3,-1
    1154:	07351963          	bne	a0,s3,11c6 <_malloc_r+0xbc>
    1158:	47b1                	li	a5,12
    115a:	00f92023          	sw	a5,0(s2)
    115e:	854a                	mv	a0,s2
    1160:	10b000ef          	jal	ra,1a6a <__malloc_unlock>
    1164:	a029                	j	116e <_malloc_r+0x64>
    1166:	fc04d0e3          	bgez	s1,1126 <_malloc_r+0x1c>
    116a:	47b1                	li	a5,12
    116c:	c11c                	sw	a5,0(a0)
    116e:	4501                	li	a0,0
    1170:	40f2                	lw	ra,28(sp)
    1172:	4462                	lw	s0,24(sp)
    1174:	44d2                	lw	s1,20(sp)
    1176:	4942                	lw	s2,16(sp)
    1178:	49b2                	lw	s3,12(sp)
    117a:	6105                	addi	sp,sp,32
    117c:	8082                	ret
    117e:	401c                	lw	a5,0(s0)
    1180:	8f85                	sub	a5,a5,s1
    1182:	0207cf63          	bltz	a5,11c0 <_malloc_r+0xb6>
    1186:	46ad                	li	a3,11
    1188:	00f6f663          	bgeu	a3,a5,1194 <_malloc_r+0x8a>
    118c:	c01c                	sw	a5,0(s0)
    118e:	943e                	add	s0,s0,a5
    1190:	c004                	sw	s1,0(s0)
    1192:	a031                	j	119e <_malloc_r+0x94>
    1194:	405c                	lw	a5,4(s0)
    1196:	02871363          	bne	a4,s0,11bc <_malloc_r+0xb2>
    119a:	82f1a023          	sw	a5,-2016(gp) # 200000a0 <__malloc_free_list>
    119e:	854a                	mv	a0,s2
    11a0:	0cb000ef          	jal	ra,1a6a <__malloc_unlock>
    11a4:	00b40513          	addi	a0,s0,11
    11a8:	00440793          	addi	a5,s0,4
    11ac:	9961                	andi	a0,a0,-8
    11ae:	40f50733          	sub	a4,a0,a5
    11b2:	df5d                	beqz	a4,1170 <_malloc_r+0x66>
    11b4:	943a                	add	s0,s0,a4
    11b6:	8f89                	sub	a5,a5,a0
    11b8:	c01c                	sw	a5,0(s0)
    11ba:	bf5d                	j	1170 <_malloc_r+0x66>
    11bc:	c35c                	sw	a5,4(a4)
    11be:	b7c5                	j	119e <_malloc_r+0x94>
    11c0:	8722                	mv	a4,s0
    11c2:	4040                	lw	s0,4(s0)
    11c4:	bf95                	j	1138 <_malloc_r+0x2e>
    11c6:	00350413          	addi	s0,a0,3
    11ca:	9871                	andi	s0,s0,-4
    11cc:	fc8502e3          	beq	a0,s0,1190 <_malloc_r+0x86>
    11d0:	40a405b3          	sub	a1,s0,a0
    11d4:	854a                	mv	a0,s2
    11d6:	25c1                	jal	1896 <_sbrk_r>
    11d8:	fb351ce3          	bne	a0,s3,1190 <_malloc_r+0x86>
    11dc:	bfb5                	j	1158 <_malloc_r+0x4e>

000011de <__sfputc_r>:
    11de:	461c                	lw	a5,8(a2)
    11e0:	17fd                	addi	a5,a5,-1
    11e2:	c61c                	sw	a5,8(a2)
    11e4:	0007da63          	bgez	a5,11f8 <__sfputc_r+0x1a>
    11e8:	4e18                	lw	a4,24(a2)
    11ea:	00e7c563          	blt	a5,a4,11f4 <__sfputc_r+0x16>
    11ee:	47a9                	li	a5,10
    11f0:	00f59463          	bne	a1,a5,11f8 <__sfputc_r+0x1a>
    11f4:	fe2ff06f          	j	9d6 <__swbuf_r>
    11f8:	421c                	lw	a5,0(a2)
    11fa:	852e                	mv	a0,a1
    11fc:	00178713          	addi	a4,a5,1
    1200:	c218                	sw	a4,0(a2)
    1202:	00b78023          	sb	a1,0(a5)
    1206:	8082                	ret

00001208 <__sfputs_r>:
    1208:	1101                	addi	sp,sp,-32
    120a:	cc22                	sw	s0,24(sp)
    120c:	ca26                	sw	s1,20(sp)
    120e:	c84a                	sw	s2,16(sp)
    1210:	c64e                	sw	s3,12(sp)
    1212:	c452                	sw	s4,8(sp)
    1214:	ce06                	sw	ra,28(sp)
    1216:	892a                	mv	s2,a0
    1218:	89ae                	mv	s3,a1
    121a:	8432                	mv	s0,a2
    121c:	00d604b3          	add	s1,a2,a3
    1220:	5a7d                	li	s4,-1
    1222:	00941463          	bne	s0,s1,122a <__sfputs_r+0x22>
    1226:	4501                	li	a0,0
    1228:	a809                	j	123a <__sfputs_r+0x32>
    122a:	00044583          	lbu	a1,0(s0)
    122e:	864e                	mv	a2,s3
    1230:	854a                	mv	a0,s2
    1232:	3775                	jal	11de <__sfputc_r>
    1234:	0405                	addi	s0,s0,1
    1236:	ff4516e3          	bne	a0,s4,1222 <__sfputs_r+0x1a>
    123a:	40f2                	lw	ra,28(sp)
    123c:	4462                	lw	s0,24(sp)
    123e:	44d2                	lw	s1,20(sp)
    1240:	4942                	lw	s2,16(sp)
    1242:	49b2                	lw	s3,12(sp)
    1244:	4a22                	lw	s4,8(sp)
    1246:	6105                	addi	sp,sp,32
    1248:	8082                	ret

0000124a <_vfiprintf_r>:
    124a:	7135                	addi	sp,sp,-160
    124c:	cd22                	sw	s0,152(sp)
    124e:	cb26                	sw	s1,148(sp)
    1250:	c94a                	sw	s2,144(sp)
    1252:	c74e                	sw	s3,140(sp)
    1254:	cf06                	sw	ra,156(sp)
    1256:	c552                	sw	s4,136(sp)
    1258:	c356                	sw	s5,132(sp)
    125a:	c15a                	sw	s6,128(sp)
    125c:	dede                	sw	s7,124(sp)
    125e:	dce2                	sw	s8,120(sp)
    1260:	dae6                	sw	s9,116(sp)
    1262:	89aa                	mv	s3,a0
    1264:	84ae                	mv	s1,a1
    1266:	8932                	mv	s2,a2
    1268:	8436                	mv	s0,a3
    126a:	c501                	beqz	a0,1272 <_vfiprintf_r+0x28>
    126c:	4d1c                	lw	a5,24(a0)
    126e:	e391                	bnez	a5,1272 <_vfiprintf_r+0x28>
    1270:	3671                	jal	dfc <__sinit>
    1272:	00001797          	auipc	a5,0x1
    1276:	8c278793          	addi	a5,a5,-1854 # 1b34 <__sf_fake_stdin>
    127a:	0cf49b63          	bne	s1,a5,1350 <_vfiprintf_r+0x106>
    127e:	0049a483          	lw	s1,4(s3)
    1282:	00c4d783          	lhu	a5,12(s1)
    1286:	8ba1                	andi	a5,a5,8
    1288:	c7f5                	beqz	a5,1374 <_vfiprintf_r+0x12a>
    128a:	489c                	lw	a5,16(s1)
    128c:	c7e5                	beqz	a5,1374 <_vfiprintf_r+0x12a>
    128e:	02000793          	li	a5,32
    1292:	02f104a3          	sb	a5,41(sp)
    1296:	03000793          	li	a5,48
    129a:	d202                	sw	zero,36(sp)
    129c:	02f10523          	sb	a5,42(sp)
    12a0:	c622                	sw	s0,12(sp)
    12a2:	02500b93          	li	s7,37
    12a6:	00001a97          	auipc	s5,0x1
    12aa:	8cea8a93          	addi	s5,s5,-1842 # 1b74 <__sf_fake_stdout+0x20>
    12ae:	4c05                	li	s8,1
    12b0:	4b29                	li	s6,10
    12b2:	844a                	mv	s0,s2
    12b4:	00044783          	lbu	a5,0(s0)
    12b8:	c399                	beqz	a5,12be <_vfiprintf_r+0x74>
    12ba:	0f779063          	bne	a5,s7,139a <_vfiprintf_r+0x150>
    12be:	41240cb3          	sub	s9,s0,s2
    12c2:	000c8d63          	beqz	s9,12dc <_vfiprintf_r+0x92>
    12c6:	86e6                	mv	a3,s9
    12c8:	864a                	mv	a2,s2
    12ca:	85a6                	mv	a1,s1
    12cc:	854e                	mv	a0,s3
    12ce:	3f2d                	jal	1208 <__sfputs_r>
    12d0:	57fd                	li	a5,-1
    12d2:	1ef50663          	beq	a0,a5,14be <_vfiprintf_r+0x274>
    12d6:	5692                	lw	a3,36(sp)
    12d8:	96e6                	add	a3,a3,s9
    12da:	d236                	sw	a3,36(sp)
    12dc:	00044783          	lbu	a5,0(s0)
    12e0:	1c078f63          	beqz	a5,14be <_vfiprintf_r+0x274>
    12e4:	57fd                	li	a5,-1
    12e6:	00140913          	addi	s2,s0,1
    12ea:	c802                	sw	zero,16(sp)
    12ec:	ce02                	sw	zero,28(sp)
    12ee:	ca3e                	sw	a5,20(sp)
    12f0:	cc02                	sw	zero,24(sp)
    12f2:	040109a3          	sb	zero,83(sp)
    12f6:	d482                	sw	zero,104(sp)
    12f8:	00094583          	lbu	a1,0(s2)
    12fc:	4615                	li	a2,5
    12fe:	8556                	mv	a0,s5
    1300:	27b9                	jal	1a4e <memchr>
    1302:	00190413          	addi	s0,s2,1
    1306:	47c2                	lw	a5,16(sp)
    1308:	e959                	bnez	a0,139e <_vfiprintf_r+0x154>
    130a:	0107f713          	andi	a4,a5,16
    130e:	c709                	beqz	a4,1318 <_vfiprintf_r+0xce>
    1310:	02000713          	li	a4,32
    1314:	04e109a3          	sb	a4,83(sp)
    1318:	0087f713          	andi	a4,a5,8
    131c:	c709                	beqz	a4,1326 <_vfiprintf_r+0xdc>
    131e:	02b00713          	li	a4,43
    1322:	04e109a3          	sb	a4,83(sp)
    1326:	00094683          	lbu	a3,0(s2)
    132a:	02a00713          	li	a4,42
    132e:	08e68063          	beq	a3,a4,13ae <_vfiprintf_r+0x164>
    1332:	47f2                	lw	a5,28(sp)
    1334:	844a                	mv	s0,s2
    1336:	4681                	li	a3,0
    1338:	4625                	li	a2,9
    133a:	00044703          	lbu	a4,0(s0)
    133e:	00140593          	addi	a1,s0,1
    1342:	fd070713          	addi	a4,a4,-48 # ffffdfd0 <_eusrstack+0xdfff8fd0>
    1346:	0ae67963          	bgeu	a2,a4,13f8 <_vfiprintf_r+0x1ae>
    134a:	cab5                	beqz	a3,13be <_vfiprintf_r+0x174>
    134c:	ce3e                	sw	a5,28(sp)
    134e:	a885                	j	13be <_vfiprintf_r+0x174>
    1350:	00001797          	auipc	a5,0x1
    1354:	80478793          	addi	a5,a5,-2044 # 1b54 <__sf_fake_stdout>
    1358:	00f49563          	bne	s1,a5,1362 <_vfiprintf_r+0x118>
    135c:	0089a483          	lw	s1,8(s3)
    1360:	b70d                	j	1282 <_vfiprintf_r+0x38>
    1362:	00000797          	auipc	a5,0x0
    1366:	7b278793          	addi	a5,a5,1970 # 1b14 <__sf_fake_stderr>
    136a:	f0f49ce3          	bne	s1,a5,1282 <_vfiprintf_r+0x38>
    136e:	00c9a483          	lw	s1,12(s3)
    1372:	bf01                	j	1282 <_vfiprintf_r+0x38>
    1374:	85a6                	mv	a1,s1
    1376:	854e                	mv	a0,s3
    1378:	f1eff0ef          	jal	ra,a96 <__swsetup_r>
    137c:	d909                	beqz	a0,128e <_vfiprintf_r+0x44>
    137e:	557d                	li	a0,-1
    1380:	40fa                	lw	ra,156(sp)
    1382:	446a                	lw	s0,152(sp)
    1384:	44da                	lw	s1,148(sp)
    1386:	494a                	lw	s2,144(sp)
    1388:	49ba                	lw	s3,140(sp)
    138a:	4a2a                	lw	s4,136(sp)
    138c:	4a9a                	lw	s5,132(sp)
    138e:	4b0a                	lw	s6,128(sp)
    1390:	5bf6                	lw	s7,124(sp)
    1392:	5c66                	lw	s8,120(sp)
    1394:	5cd6                	lw	s9,116(sp)
    1396:	610d                	addi	sp,sp,160
    1398:	8082                	ret
    139a:	0405                	addi	s0,s0,1
    139c:	bf21                	j	12b4 <_vfiprintf_r+0x6a>
    139e:	41550533          	sub	a0,a0,s5
    13a2:	00ac1533          	sll	a0,s8,a0
    13a6:	8fc9                	or	a5,a5,a0
    13a8:	c83e                	sw	a5,16(sp)
    13aa:	8922                	mv	s2,s0
    13ac:	b7b1                	j	12f8 <_vfiprintf_r+0xae>
    13ae:	4732                	lw	a4,12(sp)
    13b0:	00470693          	addi	a3,a4,4
    13b4:	4318                	lw	a4,0(a4)
    13b6:	c636                	sw	a3,12(sp)
    13b8:	02074963          	bltz	a4,13ea <_vfiprintf_r+0x1a0>
    13bc:	ce3a                	sw	a4,28(sp)
    13be:	00044703          	lbu	a4,0(s0)
    13c2:	02e00793          	li	a5,46
    13c6:	04f71f63          	bne	a4,a5,1424 <_vfiprintf_r+0x1da>
    13ca:	00144703          	lbu	a4,1(s0)
    13ce:	02a00793          	li	a5,42
    13d2:	02f71b63          	bne	a4,a5,1408 <_vfiprintf_r+0x1be>
    13d6:	47b2                	lw	a5,12(sp)
    13d8:	0409                	addi	s0,s0,2
    13da:	00478713          	addi	a4,a5,4
    13de:	439c                	lw	a5,0(a5)
    13e0:	c63a                	sw	a4,12(sp)
    13e2:	0207c163          	bltz	a5,1404 <_vfiprintf_r+0x1ba>
    13e6:	ca3e                	sw	a5,20(sp)
    13e8:	a835                	j	1424 <_vfiprintf_r+0x1da>
    13ea:	40e00733          	neg	a4,a4
    13ee:	0027e793          	ori	a5,a5,2
    13f2:	ce3a                	sw	a4,28(sp)
    13f4:	c83e                	sw	a5,16(sp)
    13f6:	b7e1                	j	13be <_vfiprintf_r+0x174>
    13f8:	036787b3          	mul	a5,a5,s6
    13fc:	4685                	li	a3,1
    13fe:	842e                	mv	s0,a1
    1400:	97ba                	add	a5,a5,a4
    1402:	bf25                	j	133a <_vfiprintf_r+0xf0>
    1404:	57fd                	li	a5,-1
    1406:	b7c5                	j	13e6 <_vfiprintf_r+0x19c>
    1408:	0405                	addi	s0,s0,1
    140a:	ca02                	sw	zero,20(sp)
    140c:	4681                	li	a3,0
    140e:	4781                	li	a5,0
    1410:	4625                	li	a2,9
    1412:	00044703          	lbu	a4,0(s0)
    1416:	00140593          	addi	a1,s0,1
    141a:	fd070713          	addi	a4,a4,-48
    141e:	06e67663          	bgeu	a2,a4,148a <_vfiprintf_r+0x240>
    1422:	f2f1                	bnez	a3,13e6 <_vfiprintf_r+0x19c>
    1424:	00044583          	lbu	a1,0(s0)
    1428:	460d                	li	a2,3
    142a:	00000517          	auipc	a0,0x0
    142e:	75250513          	addi	a0,a0,1874 # 1b7c <__sf_fake_stdout+0x28>
    1432:	2d31                	jal	1a4e <memchr>
    1434:	cd11                	beqz	a0,1450 <_vfiprintf_r+0x206>
    1436:	00000797          	auipc	a5,0x0
    143a:	74678793          	addi	a5,a5,1862 # 1b7c <__sf_fake_stdout+0x28>
    143e:	8d1d                	sub	a0,a0,a5
    1440:	04000793          	li	a5,64
    1444:	00a797b3          	sll	a5,a5,a0
    1448:	4542                	lw	a0,16(sp)
    144a:	0405                	addi	s0,s0,1
    144c:	8d5d                	or	a0,a0,a5
    144e:	c82a                	sw	a0,16(sp)
    1450:	00044583          	lbu	a1,0(s0)
    1454:	4619                	li	a2,6
    1456:	00000517          	auipc	a0,0x0
    145a:	72a50513          	addi	a0,a0,1834 # 1b80 <__sf_fake_stdout+0x2c>
    145e:	00140913          	addi	s2,s0,1
    1462:	02b10423          	sb	a1,40(sp)
    1466:	23e5                	jal	1a4e <memchr>
    1468:	c13d                	beqz	a0,14ce <_vfiprintf_r+0x284>
    146a:	fffff797          	auipc	a5,0xfffff
    146e:	b9678793          	addi	a5,a5,-1130 # 0 <_sinit>
    1472:	e795                	bnez	a5,149e <_vfiprintf_r+0x254>
    1474:	4742                	lw	a4,16(sp)
    1476:	47b2                	lw	a5,12(sp)
    1478:	10077713          	andi	a4,a4,256
    147c:	cf09                	beqz	a4,1496 <_vfiprintf_r+0x24c>
    147e:	0791                	addi	a5,a5,4
    1480:	c63e                	sw	a5,12(sp)
    1482:	5792                	lw	a5,36(sp)
    1484:	97d2                	add	a5,a5,s4
    1486:	d23e                	sw	a5,36(sp)
    1488:	b52d                	j	12b2 <_vfiprintf_r+0x68>
    148a:	036787b3          	mul	a5,a5,s6
    148e:	4685                	li	a3,1
    1490:	842e                	mv	s0,a1
    1492:	97ba                	add	a5,a5,a4
    1494:	bfbd                	j	1412 <_vfiprintf_r+0x1c8>
    1496:	079d                	addi	a5,a5,7
    1498:	9be1                	andi	a5,a5,-8
    149a:	07a1                	addi	a5,a5,8
    149c:	b7d5                	j	1480 <_vfiprintf_r+0x236>
    149e:	0078                	addi	a4,sp,12
    14a0:	00000697          	auipc	a3,0x0
    14a4:	d6868693          	addi	a3,a3,-664 # 1208 <__sfputs_r>
    14a8:	8626                	mv	a2,s1
    14aa:	080c                	addi	a1,sp,16
    14ac:	854e                	mv	a0,s3
    14ae:	00000097          	auipc	ra,0x0
    14b2:	000000e7          	jalr	zero # 0 <_sinit>
    14b6:	57fd                	li	a5,-1
    14b8:	8a2a                	mv	s4,a0
    14ba:	fcf514e3          	bne	a0,a5,1482 <_vfiprintf_r+0x238>
    14be:	00c4d783          	lhu	a5,12(s1)
    14c2:	0407f793          	andi	a5,a5,64
    14c6:	ea079ce3          	bnez	a5,137e <_vfiprintf_r+0x134>
    14ca:	5512                	lw	a0,36(sp)
    14cc:	bd55                	j	1380 <_vfiprintf_r+0x136>
    14ce:	0078                	addi	a4,sp,12
    14d0:	00000697          	auipc	a3,0x0
    14d4:	d3868693          	addi	a3,a3,-712 # 1208 <__sfputs_r>
    14d8:	8626                	mv	a2,s1
    14da:	080c                	addi	a1,sp,16
    14dc:	854e                	mv	a0,s3
    14de:	2a01                	jal	15ee <_printf_i>
    14e0:	bfd9                	j	14b6 <_vfiprintf_r+0x26c>

000014e2 <_printf_common>:
    14e2:	7179                	addi	sp,sp,-48
    14e4:	ca56                	sw	s5,20(sp)
    14e6:	499c                	lw	a5,16(a1)
    14e8:	8aba                	mv	s5,a4
    14ea:	4598                	lw	a4,8(a1)
    14ec:	d422                	sw	s0,40(sp)
    14ee:	d226                	sw	s1,36(sp)
    14f0:	ce4e                	sw	s3,28(sp)
    14f2:	cc52                	sw	s4,24(sp)
    14f4:	d606                	sw	ra,44(sp)
    14f6:	d04a                	sw	s2,32(sp)
    14f8:	c85a                	sw	s6,16(sp)
    14fa:	c65e                	sw	s7,12(sp)
    14fc:	89aa                	mv	s3,a0
    14fe:	842e                	mv	s0,a1
    1500:	84b2                	mv	s1,a2
    1502:	8a36                	mv	s4,a3
    1504:	00e7d363          	bge	a5,a4,150a <_printf_common+0x28>
    1508:	87ba                	mv	a5,a4
    150a:	c09c                	sw	a5,0(s1)
    150c:	04344703          	lbu	a4,67(s0)
    1510:	c319                	beqz	a4,1516 <_printf_common+0x34>
    1512:	0785                	addi	a5,a5,1
    1514:	c09c                	sw	a5,0(s1)
    1516:	401c                	lw	a5,0(s0)
    1518:	0207f793          	andi	a5,a5,32
    151c:	c781                	beqz	a5,1524 <_printf_common+0x42>
    151e:	409c                	lw	a5,0(s1)
    1520:	0789                	addi	a5,a5,2
    1522:	c09c                	sw	a5,0(s1)
    1524:	00042903          	lw	s2,0(s0)
    1528:	00697913          	andi	s2,s2,6
    152c:	00091a63          	bnez	s2,1540 <_printf_common+0x5e>
    1530:	01940b13          	addi	s6,s0,25
    1534:	5bfd                	li	s7,-1
    1536:	445c                	lw	a5,12(s0)
    1538:	4098                	lw	a4,0(s1)
    153a:	8f99                	sub	a5,a5,a4
    153c:	04f94c63          	blt	s2,a5,1594 <_printf_common+0xb2>
    1540:	401c                	lw	a5,0(s0)
    1542:	04344683          	lbu	a3,67(s0)
    1546:	0207f793          	andi	a5,a5,32
    154a:	00d036b3          	snez	a3,a3
    154e:	eba5                	bnez	a5,15be <_printf_common+0xdc>
    1550:	04340613          	addi	a2,s0,67
    1554:	85d2                	mv	a1,s4
    1556:	854e                	mv	a0,s3
    1558:	9a82                	jalr	s5
    155a:	57fd                	li	a5,-1
    155c:	04f50363          	beq	a0,a5,15a2 <_printf_common+0xc0>
    1560:	401c                	lw	a5,0(s0)
    1562:	4611                	li	a2,4
    1564:	4098                	lw	a4,0(s1)
    1566:	8b99                	andi	a5,a5,6
    1568:	4454                	lw	a3,12(s0)
    156a:	4481                	li	s1,0
    156c:	00c79763          	bne	a5,a2,157a <_printf_common+0x98>
    1570:	40e684b3          	sub	s1,a3,a4
    1574:	0004d363          	bgez	s1,157a <_printf_common+0x98>
    1578:	4481                	li	s1,0
    157a:	441c                	lw	a5,8(s0)
    157c:	4818                	lw	a4,16(s0)
    157e:	00f75463          	bge	a4,a5,1586 <_printf_common+0xa4>
    1582:	8f99                	sub	a5,a5,a4
    1584:	94be                	add	s1,s1,a5
    1586:	4901                	li	s2,0
    1588:	0469                	addi	s0,s0,26
    158a:	5b7d                	li	s6,-1
    158c:	05249863          	bne	s1,s2,15dc <_printf_common+0xfa>
    1590:	4501                	li	a0,0
    1592:	a809                	j	15a4 <_printf_common+0xc2>
    1594:	4685                	li	a3,1
    1596:	865a                	mv	a2,s6
    1598:	85d2                	mv	a1,s4
    159a:	854e                	mv	a0,s3
    159c:	9a82                	jalr	s5
    159e:	01751e63          	bne	a0,s7,15ba <_printf_common+0xd8>
    15a2:	557d                	li	a0,-1
    15a4:	50b2                	lw	ra,44(sp)
    15a6:	5422                	lw	s0,40(sp)
    15a8:	5492                	lw	s1,36(sp)
    15aa:	5902                	lw	s2,32(sp)
    15ac:	49f2                	lw	s3,28(sp)
    15ae:	4a62                	lw	s4,24(sp)
    15b0:	4ad2                	lw	s5,20(sp)
    15b2:	4b42                	lw	s6,16(sp)
    15b4:	4bb2                	lw	s7,12(sp)
    15b6:	6145                	addi	sp,sp,48
    15b8:	8082                	ret
    15ba:	0905                	addi	s2,s2,1
    15bc:	bfad                	j	1536 <_printf_common+0x54>
    15be:	00d40733          	add	a4,s0,a3
    15c2:	03000613          	li	a2,48
    15c6:	04c701a3          	sb	a2,67(a4)
    15ca:	04544703          	lbu	a4,69(s0)
    15ce:	00168793          	addi	a5,a3,1
    15d2:	97a2                	add	a5,a5,s0
    15d4:	0689                	addi	a3,a3,2
    15d6:	04e781a3          	sb	a4,67(a5)
    15da:	bf9d                	j	1550 <_printf_common+0x6e>
    15dc:	4685                	li	a3,1
    15de:	8622                	mv	a2,s0
    15e0:	85d2                	mv	a1,s4
    15e2:	854e                	mv	a0,s3
    15e4:	9a82                	jalr	s5
    15e6:	fb650ee3          	beq	a0,s6,15a2 <_printf_common+0xc0>
    15ea:	0905                	addi	s2,s2,1
    15ec:	b745                	j	158c <_printf_common+0xaa>

000015ee <_printf_i>:
    15ee:	7179                	addi	sp,sp,-48
    15f0:	d422                	sw	s0,40(sp)
    15f2:	d226                	sw	s1,36(sp)
    15f4:	d04a                	sw	s2,32(sp)
    15f6:	ce4e                	sw	s3,28(sp)
    15f8:	d606                	sw	ra,44(sp)
    15fa:	cc52                	sw	s4,24(sp)
    15fc:	ca56                	sw	s5,20(sp)
    15fe:	c85a                	sw	s6,16(sp)
    1600:	89b6                	mv	s3,a3
    1602:	0185c683          	lbu	a3,24(a1)
    1606:	06900793          	li	a5,105
    160a:	8932                	mv	s2,a2
    160c:	84aa                	mv	s1,a0
    160e:	842e                	mv	s0,a1
    1610:	04358613          	addi	a2,a1,67
    1614:	02f68d63          	beq	a3,a5,164e <_printf_i+0x60>
    1618:	06d7e263          	bltu	a5,a3,167c <_printf_i+0x8e>
    161c:	05800793          	li	a5,88
    1620:	18f68763          	beq	a3,a5,17ae <_printf_i+0x1c0>
    1624:	00d7ed63          	bltu	a5,a3,163e <_printf_i+0x50>
    1628:	22068063          	beqz	a3,1848 <_printf_i+0x25a>
    162c:	04300793          	li	a5,67
    1630:	0af68e63          	beq	a3,a5,16ec <_printf_i+0xfe>
    1634:	04240a93          	addi	s5,s0,66
    1638:	04d40123          	sb	a3,66(s0)
    163c:	a0c9                	j	16fe <_printf_i+0x110>
    163e:	06300793          	li	a5,99
    1642:	0af68563          	beq	a3,a5,16ec <_printf_i+0xfe>
    1646:	06400793          	li	a5,100
    164a:	fef695e3          	bne	a3,a5,1634 <_printf_i+0x46>
    164e:	401c                	lw	a5,0(s0)
    1650:	4308                	lw	a0,0(a4)
    1652:	0807f693          	andi	a3,a5,128
    1656:	00450593          	addi	a1,a0,4
    165a:	c6c5                	beqz	a3,1702 <_printf_i+0x114>
    165c:	411c                	lw	a5,0(a0)
    165e:	c30c                	sw	a1,0(a4)
    1660:	0007d863          	bgez	a5,1670 <_printf_i+0x82>
    1664:	02d00713          	li	a4,45
    1668:	40f007b3          	neg	a5,a5
    166c:	04e401a3          	sb	a4,67(s0)
    1670:	00000697          	auipc	a3,0x0
    1674:	51868693          	addi	a3,a3,1304 # 1b88 <__sf_fake_stdout+0x34>
    1678:	4729                	li	a4,10
    167a:	a86d                	j	1734 <_printf_i+0x146>
    167c:	07000793          	li	a5,112
    1680:	16f68363          	beq	a3,a5,17e6 <_printf_i+0x1f8>
    1684:	02d7e563          	bltu	a5,a3,16ae <_printf_i+0xc0>
    1688:	06e00793          	li	a5,110
    168c:	18f68a63          	beq	a3,a5,1820 <_printf_i+0x232>
    1690:	06f00793          	li	a5,111
    1694:	faf690e3          	bne	a3,a5,1634 <_printf_i+0x46>
    1698:	400c                	lw	a1,0(s0)
    169a:	431c                	lw	a5,0(a4)
    169c:	0805f813          	andi	a6,a1,128
    16a0:	00478513          	addi	a0,a5,4
    16a4:	06080763          	beqz	a6,1712 <_printf_i+0x124>
    16a8:	c308                	sw	a0,0(a4)
    16aa:	439c                	lw	a5,0(a5)
    16ac:	a88d                	j	171e <_printf_i+0x130>
    16ae:	07500793          	li	a5,117
    16b2:	fef683e3          	beq	a3,a5,1698 <_printf_i+0xaa>
    16b6:	07800793          	li	a5,120
    16ba:	12f68a63          	beq	a3,a5,17ee <_printf_i+0x200>
    16be:	07300793          	li	a5,115
    16c2:	f6f699e3          	bne	a3,a5,1634 <_printf_i+0x46>
    16c6:	431c                	lw	a5,0(a4)
    16c8:	41d0                	lw	a2,4(a1)
    16ca:	4581                	li	a1,0
    16cc:	00478693          	addi	a3,a5,4
    16d0:	c314                	sw	a3,0(a4)
    16d2:	0007aa83          	lw	s5,0(a5)
    16d6:	8556                	mv	a0,s5
    16d8:	2e9d                	jal	1a4e <memchr>
    16da:	c501                	beqz	a0,16e2 <_printf_i+0xf4>
    16dc:	41550533          	sub	a0,a0,s5
    16e0:	c048                	sw	a0,4(s0)
    16e2:	405c                	lw	a5,4(s0)
    16e4:	c81c                	sw	a5,16(s0)
    16e6:	040401a3          	sb	zero,67(s0)
    16ea:	a871                	j	1786 <_printf_i+0x198>
    16ec:	431c                	lw	a5,0(a4)
    16ee:	04240a93          	addi	s5,s0,66
    16f2:	00478693          	addi	a3,a5,4
    16f6:	439c                	lw	a5,0(a5)
    16f8:	c314                	sw	a3,0(a4)
    16fa:	04f40123          	sb	a5,66(s0)
    16fe:	4785                	li	a5,1
    1700:	b7d5                	j	16e4 <_printf_i+0xf6>
    1702:	0407f693          	andi	a3,a5,64
    1706:	411c                	lw	a5,0(a0)
    1708:	c30c                	sw	a1,0(a4)
    170a:	dab9                	beqz	a3,1660 <_printf_i+0x72>
    170c:	07c2                	slli	a5,a5,0x10
    170e:	87c1                	srai	a5,a5,0x10
    1710:	bf81                	j	1660 <_printf_i+0x72>
    1712:	0405f593          	andi	a1,a1,64
    1716:	c308                	sw	a0,0(a4)
    1718:	d9c9                	beqz	a1,16aa <_printf_i+0xbc>
    171a:	0007d783          	lhu	a5,0(a5)
    171e:	06f00713          	li	a4,111
    1722:	0ee68763          	beq	a3,a4,1810 <_printf_i+0x222>
    1726:	00000697          	auipc	a3,0x0
    172a:	46268693          	addi	a3,a3,1122 # 1b88 <__sf_fake_stdout+0x34>
    172e:	4729                	li	a4,10
    1730:	040401a3          	sb	zero,67(s0)
    1734:	404c                	lw	a1,4(s0)
    1736:	c40c                	sw	a1,8(s0)
    1738:	0005c563          	bltz	a1,1742 <_printf_i+0x154>
    173c:	4008                	lw	a0,0(s0)
    173e:	996d                	andi	a0,a0,-5
    1740:	c008                	sw	a0,0(s0)
    1742:	e399                	bnez	a5,1748 <_printf_i+0x15a>
    1744:	8ab2                	mv	s5,a2
    1746:	cd91                	beqz	a1,1762 <_printf_i+0x174>
    1748:	8ab2                	mv	s5,a2
    174a:	02e7f5b3          	remu	a1,a5,a4
    174e:	1afd                	addi	s5,s5,-1
    1750:	95b6                	add	a1,a1,a3
    1752:	0005c583          	lbu	a1,0(a1)
    1756:	00ba8023          	sb	a1,0(s5)
    175a:	02e7d5b3          	divu	a1,a5,a4
    175e:	0ae7ff63          	bgeu	a5,a4,181c <_printf_i+0x22e>
    1762:	47a1                	li	a5,8
    1764:	00f71e63          	bne	a4,a5,1780 <_printf_i+0x192>
    1768:	401c                	lw	a5,0(s0)
    176a:	8b85                	andi	a5,a5,1
    176c:	cb91                	beqz	a5,1780 <_printf_i+0x192>
    176e:	4058                	lw	a4,4(s0)
    1770:	481c                	lw	a5,16(s0)
    1772:	00e7c763          	blt	a5,a4,1780 <_printf_i+0x192>
    1776:	03000793          	li	a5,48
    177a:	fefa8fa3          	sb	a5,-1(s5)
    177e:	1afd                	addi	s5,s5,-1
    1780:	41560633          	sub	a2,a2,s5
    1784:	c810                	sw	a2,16(s0)
    1786:	874e                	mv	a4,s3
    1788:	86ca                	mv	a3,s2
    178a:	0070                	addi	a2,sp,12
    178c:	85a2                	mv	a1,s0
    178e:	8526                	mv	a0,s1
    1790:	3b89                	jal	14e2 <_printf_common>
    1792:	5a7d                	li	s4,-1
    1794:	0b451e63          	bne	a0,s4,1850 <_printf_i+0x262>
    1798:	557d                	li	a0,-1
    179a:	50b2                	lw	ra,44(sp)
    179c:	5422                	lw	s0,40(sp)
    179e:	5492                	lw	s1,36(sp)
    17a0:	5902                	lw	s2,32(sp)
    17a2:	49f2                	lw	s3,28(sp)
    17a4:	4a62                	lw	s4,24(sp)
    17a6:	4ad2                	lw	s5,20(sp)
    17a8:	4b42                	lw	s6,16(sp)
    17aa:	6145                	addi	sp,sp,48
    17ac:	8082                	ret
    17ae:	04d582a3          	sb	a3,69(a1)
    17b2:	00000697          	auipc	a3,0x0
    17b6:	3d668693          	addi	a3,a3,982 # 1b88 <__sf_fake_stdout+0x34>
    17ba:	400c                	lw	a1,0(s0)
    17bc:	4308                	lw	a0,0(a4)
    17be:	0805f813          	andi	a6,a1,128
    17c2:	411c                	lw	a5,0(a0)
    17c4:	0511                	addi	a0,a0,4
    17c6:	02080d63          	beqz	a6,1800 <_printf_i+0x212>
    17ca:	c308                	sw	a0,0(a4)
    17cc:	0015f713          	andi	a4,a1,1
    17d0:	c701                	beqz	a4,17d8 <_printf_i+0x1ea>
    17d2:	0205e593          	ori	a1,a1,32
    17d6:	c00c                	sw	a1,0(s0)
    17d8:	4741                	li	a4,16
    17da:	fbb9                	bnez	a5,1730 <_printf_i+0x142>
    17dc:	400c                	lw	a1,0(s0)
    17de:	fdf5f593          	andi	a1,a1,-33
    17e2:	c00c                	sw	a1,0(s0)
    17e4:	b7b1                	j	1730 <_printf_i+0x142>
    17e6:	419c                	lw	a5,0(a1)
    17e8:	0207e793          	ori	a5,a5,32
    17ec:	c19c                	sw	a5,0(a1)
    17ee:	07800793          	li	a5,120
    17f2:	04f402a3          	sb	a5,69(s0)
    17f6:	00000697          	auipc	a3,0x0
    17fa:	3a668693          	addi	a3,a3,934 # 1b9c <__sf_fake_stdout+0x48>
    17fe:	bf75                	j	17ba <_printf_i+0x1cc>
    1800:	0405f813          	andi	a6,a1,64
    1804:	c308                	sw	a0,0(a4)
    1806:	fc0803e3          	beqz	a6,17cc <_printf_i+0x1de>
    180a:	07c2                	slli	a5,a5,0x10
    180c:	83c1                	srli	a5,a5,0x10
    180e:	bf7d                	j	17cc <_printf_i+0x1de>
    1810:	00000697          	auipc	a3,0x0
    1814:	37868693          	addi	a3,a3,888 # 1b88 <__sf_fake_stdout+0x34>
    1818:	4721                	li	a4,8
    181a:	bf19                	j	1730 <_printf_i+0x142>
    181c:	87ae                	mv	a5,a1
    181e:	b735                	j	174a <_printf_i+0x15c>
    1820:	4194                	lw	a3,0(a1)
    1822:	431c                	lw	a5,0(a4)
    1824:	49cc                	lw	a1,20(a1)
    1826:	0806f813          	andi	a6,a3,128
    182a:	00478513          	addi	a0,a5,4
    182e:	00080663          	beqz	a6,183a <_printf_i+0x24c>
    1832:	c308                	sw	a0,0(a4)
    1834:	439c                	lw	a5,0(a5)
    1836:	c38c                	sw	a1,0(a5)
    1838:	a801                	j	1848 <_printf_i+0x25a>
    183a:	c308                	sw	a0,0(a4)
    183c:	0406f693          	andi	a3,a3,64
    1840:	439c                	lw	a5,0(a5)
    1842:	daf5                	beqz	a3,1836 <_printf_i+0x248>
    1844:	00b79023          	sh	a1,0(a5)
    1848:	00042823          	sw	zero,16(s0)
    184c:	8ab2                	mv	s5,a2
    184e:	bf25                	j	1786 <_printf_i+0x198>
    1850:	4814                	lw	a3,16(s0)
    1852:	8656                	mv	a2,s5
    1854:	85ca                	mv	a1,s2
    1856:	8526                	mv	a0,s1
    1858:	9982                	jalr	s3
    185a:	f3450fe3          	beq	a0,s4,1798 <_printf_i+0x1aa>
    185e:	401c                	lw	a5,0(s0)
    1860:	8b89                	andi	a5,a5,2
    1862:	e78d                	bnez	a5,188c <_printf_i+0x29e>
    1864:	47b2                	lw	a5,12(sp)
    1866:	4448                	lw	a0,12(s0)
    1868:	f2f559e3          	bge	a0,a5,179a <_printf_i+0x1ac>
    186c:	853e                	mv	a0,a5
    186e:	b735                	j	179a <_printf_i+0x1ac>
    1870:	4685                	li	a3,1
    1872:	8656                	mv	a2,s5
    1874:	85ca                	mv	a1,s2
    1876:	8526                	mv	a0,s1
    1878:	9982                	jalr	s3
    187a:	f1650fe3          	beq	a0,s6,1798 <_printf_i+0x1aa>
    187e:	0a05                	addi	s4,s4,1
    1880:	445c                	lw	a5,12(s0)
    1882:	4732                	lw	a4,12(sp)
    1884:	8f99                	sub	a5,a5,a4
    1886:	fefa45e3          	blt	s4,a5,1870 <_printf_i+0x282>
    188a:	bfe9                	j	1864 <_printf_i+0x276>
    188c:	4a01                	li	s4,0
    188e:	01940a93          	addi	s5,s0,25
    1892:	5b7d                	li	s6,-1
    1894:	b7f5                	j	1880 <_printf_i+0x292>

00001896 <_sbrk_r>:
    1896:	1141                	addi	sp,sp,-16
    1898:	c422                	sw	s0,8(sp)
    189a:	842a                	mv	s0,a0
    189c:	852e                	mv	a0,a1
    189e:	8201a423          	sw	zero,-2008(gp) # 200000a8 <errno>
    18a2:	c606                	sw	ra,12(sp)
    18a4:	fe9fe0ef          	jal	ra,88c <_sbrk>
    18a8:	57fd                	li	a5,-1
    18aa:	00f51763          	bne	a0,a5,18b8 <_sbrk_r+0x22>
    18ae:	82818793          	addi	a5,gp,-2008 # 200000a8 <errno>
    18b2:	439c                	lw	a5,0(a5)
    18b4:	c391                	beqz	a5,18b8 <_sbrk_r+0x22>
    18b6:	c01c                	sw	a5,0(s0)
    18b8:	40b2                	lw	ra,12(sp)
    18ba:	4422                	lw	s0,8(sp)
    18bc:	0141                	addi	sp,sp,16
    18be:	8082                	ret

000018c0 <__sread>:
    18c0:	1141                	addi	sp,sp,-16
    18c2:	c422                	sw	s0,8(sp)
    18c4:	842e                	mv	s0,a1
    18c6:	00e59583          	lh	a1,14(a1)
    18ca:	c606                	sw	ra,12(sp)
    18cc:	2245                	jal	1a6c <_read_r>
    18ce:	00054963          	bltz	a0,18e0 <__sread+0x20>
    18d2:	487c                	lw	a5,84(s0)
    18d4:	97aa                	add	a5,a5,a0
    18d6:	c87c                	sw	a5,84(s0)
    18d8:	40b2                	lw	ra,12(sp)
    18da:	4422                	lw	s0,8(sp)
    18dc:	0141                	addi	sp,sp,16
    18de:	8082                	ret
    18e0:	00c45783          	lhu	a5,12(s0)
    18e4:	777d                	lui	a4,0xfffff
    18e6:	177d                	addi	a4,a4,-1
    18e8:	8ff9                	and	a5,a5,a4
    18ea:	00f41623          	sh	a5,12(s0)
    18ee:	b7ed                	j	18d8 <__sread+0x18>

000018f0 <__swrite>:
    18f0:	00c5d783          	lhu	a5,12(a1)
    18f4:	1101                	addi	sp,sp,-32
    18f6:	cc22                	sw	s0,24(sp)
    18f8:	ca26                	sw	s1,20(sp)
    18fa:	c84a                	sw	s2,16(sp)
    18fc:	c64e                	sw	s3,12(sp)
    18fe:	ce06                	sw	ra,28(sp)
    1900:	1007f793          	andi	a5,a5,256
    1904:	84aa                	mv	s1,a0
    1906:	842e                	mv	s0,a1
    1908:	8932                	mv	s2,a2
    190a:	89b6                	mv	s3,a3
    190c:	c791                	beqz	a5,1918 <__swrite+0x28>
    190e:	00e59583          	lh	a1,14(a1)
    1912:	4689                	li	a3,2
    1914:	4601                	li	a2,0
    1916:	2231                	jal	1a22 <_lseek_r>
    1918:	00c45783          	lhu	a5,12(s0)
    191c:	777d                	lui	a4,0xfffff
    191e:	177d                	addi	a4,a4,-1
    1920:	8ff9                	and	a5,a5,a4
    1922:	00f41623          	sh	a5,12(s0)
    1926:	00e41583          	lh	a1,14(s0)
    192a:	4462                	lw	s0,24(sp)
    192c:	40f2                	lw	ra,28(sp)
    192e:	86ce                	mv	a3,s3
    1930:	864a                	mv	a2,s2
    1932:	49b2                	lw	s3,12(sp)
    1934:	4942                	lw	s2,16(sp)
    1936:	8526                	mv	a0,s1
    1938:	44d2                	lw	s1,20(sp)
    193a:	6105                	addi	sp,sp,32
    193c:	a83d                	j	197a <_write_r>

0000193e <__sseek>:
    193e:	1141                	addi	sp,sp,-16
    1940:	c422                	sw	s0,8(sp)
    1942:	842e                	mv	s0,a1
    1944:	00e59583          	lh	a1,14(a1)
    1948:	c606                	sw	ra,12(sp)
    194a:	28e1                	jal	1a22 <_lseek_r>
    194c:	57fd                	li	a5,-1
    194e:	00c45703          	lhu	a4,12(s0)
    1952:	00f51b63          	bne	a0,a5,1968 <__sseek+0x2a>
    1956:	77fd                	lui	a5,0xfffff
    1958:	17fd                	addi	a5,a5,-1
    195a:	8ff9                	and	a5,a5,a4
    195c:	00f41623          	sh	a5,12(s0)
    1960:	40b2                	lw	ra,12(sp)
    1962:	4422                	lw	s0,8(sp)
    1964:	0141                	addi	sp,sp,16
    1966:	8082                	ret
    1968:	6785                	lui	a5,0x1
    196a:	8fd9                	or	a5,a5,a4
    196c:	00f41623          	sh	a5,12(s0)
    1970:	c868                	sw	a0,84(s0)
    1972:	b7fd                	j	1960 <__sseek+0x22>

00001974 <__sclose>:
    1974:	00e59583          	lh	a1,14(a1)
    1978:	a805                	j	19a8 <_close_r>

0000197a <_write_r>:
    197a:	1141                	addi	sp,sp,-16
    197c:	c422                	sw	s0,8(sp)
    197e:	842a                	mv	s0,a0
    1980:	852e                	mv	a0,a1
    1982:	85b2                	mv	a1,a2
    1984:	8636                	mv	a2,a3
    1986:	8201a423          	sw	zero,-2008(gp) # 200000a8 <errno>
    198a:	c606                	sw	ra,12(sp)
    198c:	ec9fe0ef          	jal	ra,854 <_write>
    1990:	57fd                	li	a5,-1
    1992:	00f51763          	bne	a0,a5,19a0 <_write_r+0x26>
    1996:	82818793          	addi	a5,gp,-2008 # 200000a8 <errno>
    199a:	439c                	lw	a5,0(a5)
    199c:	c391                	beqz	a5,19a0 <_write_r+0x26>
    199e:	c01c                	sw	a5,0(s0)
    19a0:	40b2                	lw	ra,12(sp)
    19a2:	4422                	lw	s0,8(sp)
    19a4:	0141                	addi	sp,sp,16
    19a6:	8082                	ret

000019a8 <_close_r>:
    19a8:	1141                	addi	sp,sp,-16
    19aa:	c422                	sw	s0,8(sp)
    19ac:	842a                	mv	s0,a0
    19ae:	852e                	mv	a0,a1
    19b0:	8201a423          	sw	zero,-2008(gp) # 200000a8 <errno>
    19b4:	c606                	sw	ra,12(sp)
    19b6:	20cd                	jal	1a98 <_close>
    19b8:	57fd                	li	a5,-1
    19ba:	00f51763          	bne	a0,a5,19c8 <_close_r+0x20>
    19be:	82818793          	addi	a5,gp,-2008 # 200000a8 <errno>
    19c2:	439c                	lw	a5,0(a5)
    19c4:	c391                	beqz	a5,19c8 <_close_r+0x20>
    19c6:	c01c                	sw	a5,0(s0)
    19c8:	40b2                	lw	ra,12(sp)
    19ca:	4422                	lw	s0,8(sp)
    19cc:	0141                	addi	sp,sp,16
    19ce:	8082                	ret

000019d0 <_fstat_r>:
    19d0:	1141                	addi	sp,sp,-16
    19d2:	c422                	sw	s0,8(sp)
    19d4:	842a                	mv	s0,a0
    19d6:	852e                	mv	a0,a1
    19d8:	85b2                	mv	a1,a2
    19da:	8201a423          	sw	zero,-2008(gp) # 200000a8 <errno>
    19de:	c606                	sw	ra,12(sp)
    19e0:	20d1                	jal	1aa4 <_fstat>
    19e2:	57fd                	li	a5,-1
    19e4:	00f51763          	bne	a0,a5,19f2 <_fstat_r+0x22>
    19e8:	82818793          	addi	a5,gp,-2008 # 200000a8 <errno>
    19ec:	439c                	lw	a5,0(a5)
    19ee:	c391                	beqz	a5,19f2 <_fstat_r+0x22>
    19f0:	c01c                	sw	a5,0(s0)
    19f2:	40b2                	lw	ra,12(sp)
    19f4:	4422                	lw	s0,8(sp)
    19f6:	0141                	addi	sp,sp,16
    19f8:	8082                	ret

000019fa <_isatty_r>:
    19fa:	1141                	addi	sp,sp,-16
    19fc:	c422                	sw	s0,8(sp)
    19fe:	842a                	mv	s0,a0
    1a00:	852e                	mv	a0,a1
    1a02:	8201a423          	sw	zero,-2008(gp) # 200000a8 <errno>
    1a06:	c606                	sw	ra,12(sp)
    1a08:	2065                	jal	1ab0 <_isatty>
    1a0a:	57fd                	li	a5,-1
    1a0c:	00f51763          	bne	a0,a5,1a1a <_isatty_r+0x20>
    1a10:	82818793          	addi	a5,gp,-2008 # 200000a8 <errno>
    1a14:	439c                	lw	a5,0(a5)
    1a16:	c391                	beqz	a5,1a1a <_isatty_r+0x20>
    1a18:	c01c                	sw	a5,0(s0)
    1a1a:	40b2                	lw	ra,12(sp)
    1a1c:	4422                	lw	s0,8(sp)
    1a1e:	0141                	addi	sp,sp,16
    1a20:	8082                	ret

00001a22 <_lseek_r>:
    1a22:	1141                	addi	sp,sp,-16
    1a24:	c422                	sw	s0,8(sp)
    1a26:	842a                	mv	s0,a0
    1a28:	852e                	mv	a0,a1
    1a2a:	85b2                	mv	a1,a2
    1a2c:	8636                	mv	a2,a3
    1a2e:	8201a423          	sw	zero,-2008(gp) # 200000a8 <errno>
    1a32:	c606                	sw	ra,12(sp)
    1a34:	2061                	jal	1abc <_lseek>
    1a36:	57fd                	li	a5,-1
    1a38:	00f51763          	bne	a0,a5,1a46 <_lseek_r+0x24>
    1a3c:	82818793          	addi	a5,gp,-2008 # 200000a8 <errno>
    1a40:	439c                	lw	a5,0(a5)
    1a42:	c391                	beqz	a5,1a46 <_lseek_r+0x24>
    1a44:	c01c                	sw	a5,0(s0)
    1a46:	40b2                	lw	ra,12(sp)
    1a48:	4422                	lw	s0,8(sp)
    1a4a:	0141                	addi	sp,sp,16
    1a4c:	8082                	ret

00001a4e <memchr>:
    1a4e:	0ff5f593          	andi	a1,a1,255
    1a52:	962a                	add	a2,a2,a0
    1a54:	00c51463          	bne	a0,a2,1a5c <memchr+0xe>
    1a58:	4501                	li	a0,0
    1a5a:	8082                	ret
    1a5c:	00054783          	lbu	a5,0(a0)
    1a60:	feb78de3          	beq	a5,a1,1a5a <memchr+0xc>
    1a64:	0505                	addi	a0,a0,1
    1a66:	b7fd                	j	1a54 <memchr+0x6>

00001a68 <__malloc_lock>:
    1a68:	8082                	ret

00001a6a <__malloc_unlock>:
    1a6a:	8082                	ret

00001a6c <_read_r>:
    1a6c:	1141                	addi	sp,sp,-16
    1a6e:	c422                	sw	s0,8(sp)
    1a70:	842a                	mv	s0,a0
    1a72:	852e                	mv	a0,a1
    1a74:	85b2                	mv	a1,a2
    1a76:	8636                	mv	a2,a3
    1a78:	8201a423          	sw	zero,-2008(gp) # 200000a8 <errno>
    1a7c:	c606                	sw	ra,12(sp)
    1a7e:	20a9                	jal	1ac8 <_read>
    1a80:	57fd                	li	a5,-1
    1a82:	00f51763          	bne	a0,a5,1a90 <_read_r+0x24>
    1a86:	82818793          	addi	a5,gp,-2008 # 200000a8 <errno>
    1a8a:	439c                	lw	a5,0(a5)
    1a8c:	c391                	beqz	a5,1a90 <_read_r+0x24>
    1a8e:	c01c                	sw	a5,0(s0)
    1a90:	40b2                	lw	ra,12(sp)
    1a92:	4422                	lw	s0,8(sp)
    1a94:	0141                	addi	sp,sp,16
    1a96:	8082                	ret

00001a98 <_close>:
    1a98:	05800793          	li	a5,88
    1a9c:	82f1a423          	sw	a5,-2008(gp) # 200000a8 <errno>
    1aa0:	557d                	li	a0,-1
    1aa2:	8082                	ret

00001aa4 <_fstat>:
    1aa4:	05800793          	li	a5,88
    1aa8:	82f1a423          	sw	a5,-2008(gp) # 200000a8 <errno>
    1aac:	557d                	li	a0,-1
    1aae:	8082                	ret

00001ab0 <_isatty>:
    1ab0:	05800793          	li	a5,88
    1ab4:	82f1a423          	sw	a5,-2008(gp) # 200000a8 <errno>
    1ab8:	4501                	li	a0,0
    1aba:	8082                	ret

00001abc <_lseek>:
    1abc:	05800793          	li	a5,88
    1ac0:	82f1a423          	sw	a5,-2008(gp) # 200000a8 <errno>
    1ac4:	557d                	li	a0,-1
    1ac6:	8082                	ret

00001ac8 <_read>:
    1ac8:	05800793          	li	a5,88
    1acc:	82f1a423          	sw	a5,-2008(gp) # 200000a8 <errno>
    1ad0:	557d                	li	a0,-1
    1ad2:	8082                	ret
    1ad4:	636c6577          	0x636c6577
    1ad8:	20656d6f          	jal	s10,57cde <_data_lma+0x5612e>
    1adc:	6f74                	flw	fa3,92(a4)
    1ade:	5720                	lw	s0,104(a4)
    1ae0:	000d4843          	fmadd.s	fa6,fs10,ft0,ft0,rmm
    1ae4:	6e756f43          	fmadd.q	ft10,fa0,ft7,fa3,unknown
    1ae8:	6574                	flw	fa3,76(a0)
    1aea:	3a72                	fld	fs4,312(sp)
    1aec:	6425                	lui	s0,0x9
    1aee:	0a0d                	addi	s4,s4,3
    1af0:	0000                	unimp
    1af2:	0000                	unimp
    1af4:	74737953          	0x74737953
    1af8:	6d65                	lui	s10,0x19
    1afa:	3a6b6c43          	fmadd.d	fs8,fs6,ft6,ft7,unknown
    1afe:	6425                	lui	s0,0x9
    1b00:	0a0d                	addi	s4,s4,3
    1b02:	0000                	unimp
    1b04:	70696843          	fmadd.s	fa6,fs2,ft6,fa4,unknown
    1b08:	4449                	li	s0,18
    1b0a:	253a                	fld	fa0,392(sp)
    1b0c:	3830                	fld	fa2,112(s0)
    1b0e:	0d78                	addi	a4,sp,668
    1b10:	000a                	c.slli	zero,0x2
	...

00001b14 <__sf_fake_stderr>:
	...

00001b34 <__sf_fake_stdin>:
	...

00001b54 <__sf_fake_stdout>:
	...
    1b74:	2d23 2b30 0020 0000 6c68 004c 6665 4567     #-0+ ...hlL.efgE
    1b84:	4746 0000 3130 3332 3534 3736 3938 4241     FG..0123456789AB
    1b94:	4443 4645 0000 0000 3130 3332 3534 3736     CDEF....01234567
    1ba4:	3938 6261 6463 6665 0000 0000               89abcdef....
